5e68725e, 18-2-2020-12-28-46, 0e, 14
b8b8745e, 20-2-2020-6-36-8, 03, 3
5771725e, 18-2-2020-13-7-3, 10, 16
2c4d735e, 19-2-2020-4-45-0, 09, 9
4fc0735e, 19-2-2020-12-56-15, 02, 2
d293765e, 21-2-2020-16-23-14, 0b, 11
10ee715e, 18-2-2020-3-46-56, 0e, 14
d2fd725e, 19-2-2020--1-6-26, 0b, 11
3517725e, 18-2-2020-6-42-29, 0d, 13
3b5c735e, 19-2-2020-5-49-15, 04, 4
736d715e, 17-2-2020-18-38-11, 03, 3
2b7d735e, 19-2-2020-8-9-47, 0d, 13
c355725e, 18-2-2020-11-9-23, 03, 3
dd1a725e, 18-2-2020-6-58-5, 0e, 14
01ea755e, 21-2-2020-4-18-41, 08, 8
dea6735e, 19-2-2020-11-7-42, 0a, 10
dc30735e, 19-2-2020-2-44-12, 05, 5
2a42745e, 20-2-2020--2-10-18, 10, 16
55cc715e, 18-2-2020-1-23-1, 04, 4
6640715e, 17-2-2020-15-25-58, 0a, 10
3fa3725e, 18-2-2020-16-39-59, 04, 4
e480735e, 19-2-2020-8-25-40, 04, 4
0a29735e, 19-2-2020-2-10-50, 0c, 12
d617735e, 19-2-2020-0-57-26, 10, 16
da40755e, 20-2-2020-16-16-58, 04, 4
e08b725e, 18-2-2020-15-0-16, 07, 7
cc42735e, 19-2-2020-4-0-44, 0f, 15
83bd725e, 18-2-2020-18-32-3, 0a, 10
19f5725e, 19-2-2020--2-29-13, 02, 2
b5d7735e, 19-2-2020-14-36-5, 09, 9
6017745e, 19-2-2020-19-7-44, 08, 8
ae2a725e, 18-2-2020-8-5-34, 01, 1
ea14735e, 19-2-2020-0-44-58, 01, 1
5172715e, 17-2-2020-18-58-57, 02, 2
dce9715e, 18-2-2020-3-29-0, 09, 9
c2ec725e, 19-2-2020--3-53-38, 04, 4
e921735e, 19-2-2020-1-40-25, 03, 3
a804745e, 19-2-2020-17-47-52, 04, 4
ff36725e, 18-2-2020-8-58-7, 04, 4
921e745e, 19-2-2020-19-38-26, 07, 7
2465755e, 20-2-2020-18-51-48, 08, 8
e3c3725e, 18-2-2020-18-59-15, 01, 1
d1ef725e, 19-2-2020--2-6-41, 05, 5
9993725e, 18-2-2020-15-33-13, 02, 2
05b1735e, 19-2-2020-11-51-1, 03, 3
d774735e, 19-2-2020-7-34-15, 08, 8
36e4735e, 19-2-2020-15-29-26, 0c, 12
2902735e, 19-2-2020--1-24-57, 0d, 13
23bd725e, 18-2-2020-18-30-27, 06, 6
a9e6735e, 19-2-2020-15-39-53, 04, 4
b47c735e, 19-2-2020-8-7-48, 03, 3
dfcc735e, 19-2-2020-13-49-51, 08, 8
77fe735e, 19-2-2020-17-21-27, 03, 3
dbe6725e, 19-2-2020--3-28-27, 03, 3
0d6e735e, 19-2-2020-7-5-17, 02, 2
d164735e, 19-2-2020-6-25-53, 07, 7
7494725e, 18-2-2020-15-36-52, 0b, 11
6b96735e, 19-2-2020-9-57-31, 02, 2
6cac725e, 18-2-2020-17-19-8, 0f, 15
f31e765e, 21-2-2020-8-4-35, 0b, 11
6d5a735e, 19-2-2020-5-41-33, 0e, 14
42d7735e, 19-2-2020-14-34-10, 03, 3
4393735e, 19-2-2020-9-44-3, 0e, 14
d37d745e, 20-2-2020-2-24-51, 01, 1
1945725e, 18-2-2020-9-58-17, 0c, 12
5038735e, 19-2-2020-3-16-0, 06, 6
4372735e, 19-2-2020-7-23-15, 05, 5
9308755e, 20-2-2020-12-16-51, 07, 7
3e37735e, 19-2-2020-3-11-26, 04, 4
748f725e, 18-2-2020-15-15-32, 0c, 12
bb4a765e, 21-2-2020-11-11-23, 0c, 12
6253745e, 20-2-2020--1-23-46, 03, 3
e9c7725e, 18-2-2020-19-16-25, 0b, 11
a013745e, 19-2-2020-18-51-44, 0a, 10
338f735e, 19-2-2020-9-26-43, 10, 16
44e5735e, 19-2-2020-15-33-56, 02, 2
46f8735e, 19-2-2020-16-55-2, 05, 5
0987755e, 21-2-2020--3-16-25, 04, 4
5019745e, 19-2-2020-19-16-0, 0b, 11
0ce7735e, 19-2-2020-15-41-32, 0f, 15
b047735e, 19-2-2020-4-21-36, 02, 2
b89e735e, 19-2-2020-10-32-56, 01, 1
f5c7745e, 20-2-2020-7-41-9, 02, 2
211f735e, 19-2-2020-1-28-33, 0e, 14
380a745e, 19-2-2020-18-11-36, 02, 2
50cf725e, 18-2-2020-19-48-0, 0c, 12
8920735e, 19-2-2020-1-34-33, 02, 2
c24d735e, 19-2-2020-4-47-30, 08, 8
dca5735e, 19-2-2020-11-3-24, 04, 4
abcb735e, 19-2-2020-13-44-43, 0a, 10
1cf2735e, 19-2-2020-16-28-44, 08, 8
17d1745e, 20-2-2020-8-20-7, 10, 16
dea6735e, 19-2-2020-11-7-42, 0a, 10
a6ef735e, 19-2-2020-16-18-14, 0a, 10
d899725e, 18-2-2020-15-59-52, 0a, 10
a79c735e, 19-2-2020-10-24-7, 0c, 12
705b755e, 20-2-2020-18-10-24, 0b, 11
bc9a745e, 20-2-2020-4-28-12, 0f, 15
3445755e, 20-2-2020-16-35-32, 05, 5
232f745e, 19-2-2020-20-49-7, 02, 2
bae1725e, 19-2-2020--3-6-34, 06, 6
b1eb735e, 19-2-2020-16-1-21, 0b, 11
3550745e, 20-2-2020--1-10-13, 0e, 14
3e68765e, 21-2-2020-13-17-18, 08, 8
d737745e, 20-2-2020--3-26-15, 0a, 10
7c6b745e, 20-2-2020-1-6-36, 0d, 13
b0c7735e, 19-2-2020-13-27-44, 04, 4
c4b0745e, 20-2-2020-6-2-12, 04, 4
f422745e, 19-2-2020-19-57-8, 04, 4
974f735e, 19-2-2020-4-55-19, 03, 3
8f8b745e, 20-2-2020-3-23-27, 04, 4
c023745e, 19-2-2020-20-0-32, 0c, 12
fd38745e, 20-2-2020--3-31-9, 05, 5
3ef8755e, 21-2-2020-5-19-26, 10, 16
6e3a745e, 20-2-2020--3-37-18, 09, 9
e1b7735e, 19-2-2020-12-20-17, 05, 5
b81c755e, 20-2-2020-13-42-48, 0b, 11
0deb735e, 19-2-2020-15-58-37, 01, 1
19e3745e, 20-2-2020-9-36-57, 0e, 14
24e5755e, 21-2-2020-3-57-56, 02, 2
5f8d765e, 21-2-2020-15-55-43, 08, 8
7794755e, 21-2-2020--2-13-43, 0b, 11
5db8755e, 21-2-2020-0-46-53, 02, 2
6826745e, 19-2-2020-20-11-52, 03, 3
9f8a755e, 21-2-2020--3-31-43, 08, 8
23a4745e, 20-2-2020-5-8-19, 0e, 14
9880745e, 20-2-2020-2-36-40, 05, 5
d586755e, 21-2-2020--3-15-33, 05, 5
3c74745e, 20-2-2020-1-43-56, 08, 8
d2df755e, 21-2-2020-3-35-14, 0f, 15
7d47745e, 20-2-2020--2-33-1, 0b, 11
5fd1755e, 21-2-2020-2-33-35, 04, 4
3654745e, 20-2-2020--1-27-18, 02, 2
51e6745e, 20-2-2020-9-50-41, 03, 3
078a745e, 20-2-2020-3-16-55, 03, 3
8909755e, 20-2-2020-12-20-57, 06, 6
27c2745e, 20-2-2020-7-16-23, 08, 8
ac18765e, 21-2-2020-7-37-48, 0e, 14
0237745e, 20-2-2020--3-22-42, 01, 1
bd36755e, 20-2-2020-15-33-49, 0f, 15
9a1f755e, 20-2-2020-13-55-6, 02, 2
8161765e, 21-2-2020-12-48-33, 02, 2
a263745e, 20-2-2020-0-33-6, 07, 7
b6ce745e, 20-2-2020-8-9-58, 0b, 11
c963755e, 20-2-2020-18-46-1, 04, 4
170c765e, 21-2-2020-6-44-7, 02, 2
0b3d745e, 20-2-2020--3-48-27, 08, 8
dd1d755e, 20-2-2020-13-47-41, 04, 4
66ef745e, 20-2-2020-10-29-26, 02, 2
4938775e, 22-2-2020-4-4-57, 04, 4
86f1745e, 20-2-2020-10-38-30, 08, 8
eace755e, 21-2-2020-2-23-6, 0d, 13
fc65745e, 20-2-2020-0-43-8, 04, 4
3dc6765e, 21-2-2020-19-58-21, 02, 2
590b755e, 20-2-2020-12-28-41, 01, 1
76f6755e, 21-2-2020-5-11-50, 04, 4
1d36765e, 21-2-2020-9-43-25, 02, 2
b419755e, 20-2-2020-13-29-56, 08, 8
12a2745e, 20-2-2020-4-59-30, 02, 2
8b7a745e, 20-2-2020-2-10-51, 02, 2
987f745e, 20-2-2020-2-32-24, 0c, 12
6691745e, 20-2-2020-3-48-22, 0a, 10
0b77755e, 20-2-2020-20-8-11, 0c, 12
e3c1745e, 20-2-2020-7-15-15, 05, 5
1be1745e, 20-2-2020-9-28-27, 0d, 13
241f775e, 22-2-2020-2-17-40, 05, 5
6cf2755e, 21-2-2020-4-54-36, 09, 9
7ff2785e, 23-2-2020-11-31-43, 0c, 12
8a22785e, 22-2-2020-20-44-26, 09, 9
bd36755e, 20-2-2020-15-33-49, 0f, 15
a615755e, 20-2-2020-13-12-38, 03, 3
93d5745e, 20-2-2020-8-39-15, 04, 4
8353755e, 20-2-2020-17-36-35, 02, 2
cbf1745e, 20-2-2020-10-39-39, 0c, 12
19e3745e, 20-2-2020-9-36-57, 0e, 14
036d755e, 20-2-2020-19-25-23, 0a, 10
5eac755e, 21-2-2020--1-55-42, 04, 4
38fb765e, 22-2-2020--1-44-24, 09, 9
e9fa745e, 20-2-2020-11-18-33, 04, 4
4e25755e, 20-2-2020-14-19-26, 0a, 10
776c755e, 20-2-2020-19-23-3, 03, 3
5aaa755e, 21-2-2020--1-47-6, 0e, 14
85a8755e, 21-2-2020--1-39-17, 01, 1
100e785e, 22-2-2020-19-17-4, 06, 6
ab84765e, 21-2-2020-15-18-35, 09, 9
0e89765e, 21-2-2020-15-37-18, 0c, 12
a28f755e, 21-2-2020--3-53-6, 06, 6
bc9a745e, 20-2-2020-4-28-12, 0f, 15
004a755e, 20-2-2020-16-56-0, 0a, 10
185b755e, 20-2-2020-18-8-56, 01, 1
f65c755e, 20-2-2020-18-16-54, 09, 9
b203755e, 20-2-2020-11-56-2, 05, 5
9399755e, 21-2-2020--2-35-31, 03, 3
54c4745e, 20-2-2020-7-25-40, 01, 1
450c785e, 22-2-2020-19-9-25, 05, 5
818e755e, 21-2-2020--3-48-17, 0a, 10
673f755e, 20-2-2020-16-10-47, 03, 3
673f755e, 20-2-2020-16-10-47, 03, 3
d0a5765e, 21-2-2020-17-40-0, 0a, 10
4c59775e, 22-2-2020-6-25-48, 0e, 14
ae09785e, 22-2-2020-18-58-22, 01, 1
4a0f765e, 21-2-2020-6-57-46, 08, 8
0f37765e, 21-2-2020-9-47-27, 01, 1
53c4755e, 21-2-2020-1-37-55, 08, 8
f9fd755e, 21-2-2020-5-43-53, 03, 3
6f1b765e, 21-2-2020-7-49-35, 04, 4
70f6765e, 22-2-2020--1-24-0, 02, 2
d722775e, 22-2-2020-2-33-27, 02, 2
0e42765e, 21-2-2020-10-34-22, 0d, 13
c8d1755e, 21-2-2020-2-35-20, 03, 3
4517765e, 21-2-2020-7-31-49, 05, 5
0b01755e, 20-2-2020-11-44-43, 0a, 10
8bee765e, 22-2-2020--2-50-19, 04, 4
0364765e, 21-2-2020-12-59-15, 04, 4
16b0765e, 21-2-2020-18-23-50, 07, 7
7c81765e, 21-2-2020-15-5-0, 01, 1
f789765e, 21-2-2020-15-41-11, 0f, 15
5bac765e, 21-2-2020-18-7-55, 03, 3
5faa775e, 22-2-2020-12-11-43, 01, 1
5fd1755e, 21-2-2020-2-33-35, 04, 4
7862765e, 21-2-2020-12-52-40, 05, 5
37c8785e, 23-2-2020-8-31-19, 06, 6
94c9785e, 23-2-2020-8-37-8, 08, 8
d5c9765e, 21-2-2020-20-13-41, 0a, 10
eaea755e, 21-2-2020-4-22-34, 0e, 14
df5d765e, 21-2-2020-12-33-3, 0a, 10
f392765e, 21-2-2020-16-19-31, 05, 5
9b8f775e, 22-2-2020-10-17-31, 0c, 12
c20c775e, 22-2-2020-0-59-14, 03, 3
f80e765e, 21-2-2020-6-56-24, 0a, 10
8afb765e, 22-2-2020--1-45-46, 0a, 10
be29765e, 21-2-2020-8-50-38, 03, 3
99dc775e, 22-2-2020-15-46-1, 0b, 11
9fc7765e, 21-2-2020-20-4-15, 0c, 12
cf81765e, 21-2-2020-15-6-23, 0a, 10
5736775e, 22-2-2020-3-56-39, 08, 8
82e0775e, 22-2-2020-16-2-42, 0a, 10
ba82765e, 21-2-2020-15-10-18, 03, 3
de61775e, 22-2-2020-7-2-22, 01, 1
fad7765e, 22-2-2020--3-14-2, 03, 3
344d785e, 23-2-2020--1-46-28, 0b, 11
1c1c775e, 22-2-2020-2-4-44, 01, 1
fc10775e, 22-2-2020-1-17-16, 08, 8
6488755e, 21-2-2020--3-22-12, 02, 2
8040765e, 21-2-2020-10-27-44, 04, 4
dd52765e, 21-2-2020-11-46-5, 06, 6
2b99765e, 21-2-2020-16-46-3, 0e, 14
a8a2785e, 23-2-2020-5-51-4, 01, 1
b95a765e, 21-2-2020-12-19-37, 03, 3
f392765e, 21-2-2020-16-19-31, 05, 5
dca3785e, 23-2-2020-5-56-12, 02, 2
f6ca765e, 21-2-2020-20-18-30, 04, 4
3cb9765e, 21-2-2020-19-2-52, 05, 5
9b3c765e, 21-2-2020-10-11-7, 08, 8
42dd765e, 22-2-2020--3-36-34, 06, 6
bf5b775e, 22-2-2020-6-36-15, 08, 8
ef5e775e, 22-2-2020-6-49-51, 05, 5
4832785e, 23-2-2020--3-51-36, 04, 4
4ed9755e, 21-2-2020-3-7-26, 0c, 12
8027785e, 23-2-2020--3-5-36, 0a, 10
112d775e, 22-2-2020-3-17-5, 0d, 13
6e13775e, 22-2-2020-1-27-42, 04, 4
c748775e, 22-2-2020-5-15-19, 0f, 15
8d29775e, 22-2-2020-3-2-5, 0b, 11
d595775e, 22-2-2020-10-44-5, 07, 7
c2b1785e, 23-2-2020-6-55-30, 05, 5
758e785e, 23-2-2020-4-24-53, 0c, 12
5b6f775e, 22-2-2020-7-59-55, 02, 2
6a24775e, 22-2-2020-2-40-10, 0e, 14
2c5d775e, 22-2-2020-6-42-20, 04, 4
b876785e, 23-2-2020-2-43-36, 03, 3
8ee9775e, 22-2-2020-16-41-18, 03, 3
4589775e, 22-2-2020-9-50-29, 06, 6
77d0765e, 21-2-2020-20-41-59, 01, 1
d8d2775e, 22-2-2020-15-4-24, 02, 2
170f785e, 22-2-2020-19-21-27, 04, 4
9bca785e, 23-2-2020-8-41-31, 09, 9
3ee1775e, 22-2-2020-16-5-50, 08, 8
2825775e, 22-2-2020-2-43-20, 0c, 12
2ff7775e, 22-2-2020-17-39-27, 0f, 15
c3a7765e, 21-2-2020-17-48-19, 04, 4
ca6e7a5e, 24-2-2020-14-34-18, 0b, 11
8eb4775e, 22-2-2020-12-55-10, 0d, 13
bf81775e, 22-2-2020-9-18-23, 04, 4
7f54775e, 22-2-2020-6-5-19, 10, 16
e3d8765e, 22-2-2020--3-17-55, 08, 8
da85765e, 21-2-2020-15-23-38, 04, 4
7a90775e, 22-2-2020-10-21-14, 0a, 10
fab2765e, 21-2-2020-18-36-10, 08, 8
bd5c785e, 23-2-2020-0-52-45, 01, 1
de85775e, 22-2-2020-9-35-58, 08, 8
6ea6775e, 22-2-2020-11-54-54, 0b, 11
a597775e, 22-2-2020-10-51-49, 02, 2
c79a775e, 22-2-2020-11-5-11, 0e, 14
24a3785e, 23-2-2020-5-53-8, 08, 8
a243785e, 23-2-2020--1-5-38, 08, 8
009c785e, 23-2-2020-5-22-40, 0f, 15
4db5775e, 22-2-2020-12-58-21, 08, 8
8630785e, 23-2-2020--3-44-6, 05, 5
6163785e, 23-2-2020-1-21-5, 07, 7
a4c8775e, 22-2-2020-14-20-52, 0c, 12
c748775e, 22-2-2020-5-15-19, 0f, 15
1300765e, 21-2-2020-5-52-51, 07, 7
7bdf765e, 22-2-2020--3-46-3, 05, 5
5f707a5e, 24-2-2020-14-41-3, 03, 3
7fbc775e, 22-2-2020-13-29-3, 0a, 10
e9ad775e, 22-2-2020-12-26-49, 09, 9
4ad4785e, 23-2-2020-9-22-50, 0e, 14
7067775e, 22-2-2020-7-26-8, 03, 3
170f785e, 22-2-2020-19-21-27, 04, 4
1e75795e, 23-2-2020-20-49-2, 04, 4
d22b785e, 23-2-2020--3-24-2, 0c, 12
40ec775e, 22-2-2020-16-52-48, 04, 4
1b02795e, 23-2-2020-12-38-19, 03, 3
b684785e, 23-2-2020-3-43-18, 0d, 13
b6a6775e, 22-2-2020-11-56-6, 04, 4
1634795e, 23-2-2020-16-11-34, 01, 1
8fc9775e, 22-2-2020-14-24-47, 04, 4
3f59785e, 23-2-2020-0-37-51, 04, 4
a7f9795e, 24-2-2020-6-14-31, 02, 2
5f3c775e, 22-2-2020-4-22-23, 03, 3
9e0f785e, 22-2-2020-19-23-42, 0b, 11
1caa585e, 28-1-2020--1-50-20, 00, 0
10d57a5e, 25-2-2020--3-50-40, 0a, 10
2c0d5a5e, 29-1-2020-1-5-16, 05, 5
d59d775e, 22-2-2020-11-18-13, 03, 3
192a795e, 23-2-2020-15-28-57, 03, 3
9a7e785e, 23-2-2020-3-17-14, 04, 4
3150795e, 23-2-2020-18-11-29, 07, 7
4f30795e, 23-2-2020-15-55-27, 04, 4
dee7775e, 22-2-2020-16-34-6, 05, 5
7ec4795e, 24-2-2020-2-27-42, 01, 1
d3f9775e, 22-2-2020-17-50-43, 0c, 12
673b785e, 23-2-2020--2-30-31, 03, 3
2e8e795e, 24-2-2020--2-35-58, 08, 8
2ba4785e, 23-2-2020-5-57-31, 04, 4
f304785e, 22-2-2020-18-38-11, 0a, 10
5c9f775e, 22-2-2020-11-24-44, 05, 5
fba07a5e, 24-2-2020-18-8-27, 0e, 14
aae4795e, 24-2-2020-4-44-58, 0e, 14
9f6d785e, 23-2-2020-2-4-47, 05, 5
a961785e, 23-2-2020-1-13-45, 0e, 14
d09d795e, 24-2-2020--1-42-40, 05, 5
44d8785e, 23-2-2020-9-39-48, 0b, 11
ff1e795e, 23-2-2020-14-41-35, 02, 2
c0f1785e, 23-2-2020-11-28-32, 0a, 10
9778785e, 23-2-2020-2-51-35, 08, 8
9e80795e, 24-2-2020--3-38-6, 03, 3
a77d785e, 23-2-2020-3-13-11, 02, 2
eec7785e, 23-2-2020-8-30-6, 04, 4
5d19785e, 22-2-2020-20-5-17, 02, 2
7a52785e, 23-2-2020-0-8-58, 02, 2
ba41795e, 23-2-2020-17-9-46, 08, 8
057f785e, 23-2-2020-3-19-1, 0a, 10
7f99795e, 24-2-2020--1-24-15, 04, 4
d04c795e, 23-2-2020-17-57-4, 02, 2
e79c795e, 24-2-2020--1-38-47, 06, 6
2b457a5e, 24-2-2020-11-36-43, 0a, 10
8fc3775e, 22-2-2020-13-59-11, 05, 5
63aa785e, 23-2-2020-6-24-3, 03, 3
5bc9785e, 23-2-2020-8-36-11, 02, 2
35297a5e, 24-2-2020-9-37-25, 0c, 12
c0f1785e, 23-2-2020-11-28-32, 0a, 10
320d5b5e, 29-1-2020-19-17-38, 08, 8
1c48795e, 23-2-2020-17-37-0, 09, 9
96a5785e, 23-2-2020-6-3-34, 0e, 14
49e6785e, 23-2-2020-10-39-37, 01, 1
d06b795e, 23-2-2020-20-9-20, 0c, 12
3618795e, 23-2-2020-14-12-38, 05, 5
10d57a5e, 25-2-2020--3-50-40, 0a, 10
991c795e, 23-2-2020-14-31-21, 08, 8
e6d3785e, 23-2-2020-9-21-10, 03, 3
920e795e, 23-2-2020-13-31-30, 04, 4
70c0795e, 24-2-2020-2-10-24, 04, 4
ac467a5e, 24-2-2020-11-43-8, 08, 8
3352795e, 23-2-2020-18-20-3, 04, 4
01e6795e, 24-2-2020-4-50-41, 04, 4
fe5e595e, 28-1-2020-12-42-6, 10, 16
cb26795e, 23-2-2020-15-14-51, 0d, 13
092f795e, 23-2-2020-15-50-1, 0c, 12
c5b37a5e, 24-2-2020-19-28-37, 0f, 15
cd227a5e, 24-2-2020-9-10-5, 0b, 11
c41f825e, 30-2-2020-10-35-16, 01, 1
37b9795e, 24-2-2020-1-39-35, 03, 3
e7097a5e, 24-2-2020-7-23-51, 01, 1
1edb795e, 24-2-2020-4-4-14, 09, 9
4f93795e, 24-2-2020--2-57-51, 0e, 14
7dec785e, 23-2-2020-11-6-5, 04, 4
64f7785e, 23-2-2020-11-52-36, 08, 8
07e9795e, 24-2-2020-5-3-35, 05, 5
5a49795e, 23-2-2020-17-42-18, 0b, 11
2ea7785e, 23-2-2020-6-10-22, 10, 16
dfa6795e, 24-2-2020-0-21-19, 02, 2
d5dc7a5e, 25-2-2020--2-23-49, 08, 8
76917a5e, 24-2-2020-17-2-14, 08, 8
52c8795e, 24-2-2020-2-44-2, 0a, 10
c80a7a5e, 24-2-2020-7-27-36, 04, 4
766d595e, 28-1-2020-13-43-50, 0a, 10
7b54795e, 23-2-2020-18-29-47, 03, 3
4bc6795e, 24-2-2020-2-35-23, 0c, 12
c167795e, 23-2-2020-19-52-1, 08, 8
3bed785e, 23-2-2020-11-9-15, 05, 5
cf7b795e, 24-2-2020--3-17-35, 01, 1
aaea795e, 24-2-2020-5-10-34, 03, 3
79c9795e, 24-2-2020-2-48-57, 08, 8
235a795e, 23-2-2020-18-53-55, 05, 5
48fd7a5e, 25-2-2020-0-42-16, 0b, 11
e7157a5e, 24-2-2020-8-15-3, 03, 3
41e8585e, 28-1-2020-4-15-29, 00, 0
857b795e, 24-2-2020--3-16-21, 02, 2
1d41795e, 23-2-2020-17-7-9, 0f, 15
70487a5e, 24-2-2020-11-50-40, 03, 3
83747a5e, 24-2-2020-14-58-43, 05, 5
4635795e, 23-2-2020-16-16-38, 06, 6
50df585e, 28-1-2020-3-37-20, 00, 0
22ef795e, 24-2-2020-5-29-38, 08, 8
14f17a5e, 25-2-2020--1-50-12, 0c, 12
fba07a5e, 24-2-2020-18-8-27, 0e, 14
2291595e, 28-1-2020-16-16-2, 05, 5
289a7a5e, 24-2-2020-17-39-20, 03, 3
61a57a5e, 24-2-2020-18-27-13, 0d, 13
c8f8795e, 24-2-2020-6-10-48, 0f, 15
1d2f7a5e, 24-2-2020-10-2-37, 04, 4
118d7a5e, 24-2-2020-16-43-29, 0a, 10
b032795e, 23-2-2020-16-5-36, 0a, 10
63e67a5e, 25-2-2020--1-4-35, 09, 9
4ae3795e, 24-2-2020-4-39-6, 0d, 13
2e547a5e, 24-2-2020-12-40-46, 04, 4
1a697a5e, 24-2-2020-14-10-2, 0a, 10
7b167a5e, 24-2-2020-8-17-31, 08, 8
de117a5e, 24-2-2020-7-57-50, 0e, 14
b72c595e, 28-1-2020-9-7-35, 0e, 14
d62e7a5e, 24-2-2020-10-1-26, 05, 5
9fef595e, 29-1-2020--2-59-11, 09, 9
90d2795e, 24-2-2020-3-27-44, 02, 2
5104595e, 28-1-2020-6-15-13, 00, 0
62575b5e, 1-2-2020-0-34-10, 10, 16
1a997a5e, 24-2-2020-17-34-50, 04, 4
36747a5e, 24-2-2020-14-57-26, 09, 9
ab767a5e, 24-2-2020-15-7-55, 04, 4
02227a5e, 24-2-2020-9-6-42, 02, 2
55017a5e, 24-2-2020-6-47-17, 10, 16
a0bd595e, 28-1-2020-19-25-52, 04, 4
64e1585e, 28-1-2020-3-46-12, 00, 0
028e795e, 24-2-2020--2-35-14, 0b, 11
af6f7a5e, 24-2-2020-14-38-7, 0c, 12
287d595e, 28-1-2020-14-50-48, 09, 9
91dc585e, 28-1-2020-3-25-37, 00, 0
73055a5e, 29-1-2020-0-32-19, 01, 1
bdba7a5e, 24-2-2020-19-58-21, 02, 2
941d595e, 28-1-2020-8-3-0, 00, 0
aa557a5e, 24-2-2020-12-47-6, 06, 6
7008595e, 28-1-2020-6-32-48, 00, 0
eb27595e, 28-1-2020-8-47-7, 08, 8
9fdd585e, 28-1-2020-3-30-7, 00, 0
9c517a5e, 24-2-2020-12-29-48, 01, 1
d8b5595e, 28-1-2020-18-52-40, 05, 5
2f45595e, 28-1-2020-10-51-59, 02, 2
00e97a5e, 25-2-2020--1-15-44, 01, 1
f76b7a5e, 24-2-2020-14-22-15, 08, 8
3e867a5e, 24-2-2020-16-14-22, 02, 2
73b17a5e, 24-2-2020-19-18-43, 0b, 11
492c595e, 28-1-2020-9-5-45, 04, 4
9c517a5e, 24-2-2020-12-29-48, 01, 1
bd3d585e, 27-1-2020-16-7-57, 00, 0
9e4d7a5e, 24-2-2020-12-12-46, 07, 7
5047595e, 28-1-2020-11-1-4, 05, 5
85c0595e, 28-1-2020-19-38-13, 0c, 12
ca105b5e, 29-1-2020-19-32-58, 0a, 10
38f8585e, 28-1-2020-5-23-36, 00, 0
14145a5e, 29-1-2020-1-34-44, 0c, 12
f02d5b5e, 1-2-2020--3-37-20, 04, 4
89f1585e, 28-1-2020-4-55-5, 00, 0
31f1585e, 28-1-2020-4-53-37, 00, 0
6591595e, 28-1-2020-16-17-9, 0a, 10
6699595e, 28-1-2020-16-51-18, 06, 6
070f7b5e, 25-2-2020-1-57-59, 02, 2
7b007b5e, 25-2-2020-0-55-55, 05, 5
1ab17a5e, 24-2-2020-19-17-14, 0a, 10
0d2a595e, 28-1-2020-8-56-13, 07, 7
c81a7b5e, 25-2-2020-2-48-8, 08, 8
dd225a5e, 29-1-2020-2-37-49, 08, 8
512e5a5e, 29-1-2020-3-26-41, 04, 4
7ab77a5e, 24-2-2020-19-44-26, 08, 8
d9c47a5e, 24-2-2020-20-41-29, 03, 3
a6b15a5e, 29-1-2020-12-47-2, 0f, 15
d9bb7a5e, 24-2-2020-20-3-5, 04, 4
1f245b5e, 29-1-2020-20-55-27, 01, 1
56237b5e, 25-2-2020-3-24-38, 0e, 14
9426595e, 28-1-2020-8-41-24, 00, 0
b72c595e, 28-1-2020-9-7-35, 0e, 14
5e87595e, 28-1-2020-15-34-22, 03, 3
5fa65a5e, 29-1-2020-11-58-55, 0a, 10
a001595e, 28-1-2020-6-3-44, 00, 0
e3aa7a5e, 24-2-2020-18-50-43, 0c, 12
abde7a5e, 25-2-2020--2-31-39, 04, 4
cbe0595e, 29-1-2020--3-55-55, 10, 16
d0345a5e, 29-1-2020-3-54-24, 0e, 14
813b5a5e, 29-1-2020-4-22-57, 0d, 13
9534595e, 28-1-2020-9-41-9, 0c, 12
9053595e, 28-1-2020-11-53-20, 04, 4
96b67a5e, 24-2-2020-19-40-38, 05, 5
1a067b5e, 25-2-2020-1-19-54, 04, 4
dce87a5e, 25-2-2020--1-15-8, 02, 2
c4a7595e, 28-1-2020-17-52-36, 0b, 11
2e77595e, 28-1-2020-14-25-18, 04, 4
bff67a5e, 25-2-2020-0-14-23, 03, 3
c6c35a5e, 29-1-2020-14-4-22, 0c, 12
416c595e, 28-1-2020-13-38-41, 05, 5
916f5a5e, 29-1-2020-8-5-5, 08, 8
d8b5595e, 28-1-2020-18-52-40, 05, 5
2143595e, 28-1-2020-10-43-13, 0a, 10
c057595e, 28-1-2020-12-11-12, 08, 8
b2a45a5e, 29-1-2020-11-51-46, 09, 9
5b9a595e, 28-1-2020-16-55-23, 04, 4
36ca5a5e, 29-1-2020-14-31-50, 0a, 10
8975595e, 28-1-2020-14-18-17, 01, 1
512e5a5e, 29-1-2020-3-26-41, 04, 4
5d535a5e, 29-1-2020-6-4-45, 04, 4
5078595e, 28-1-2020-14-30-8, 02, 2
31305a5e, 29-1-2020-3-34-41, 0f, 15
49e4595e, 29-1-2020--2-10-49, 0b, 11
0b505a5e, 29-1-2020-5-50-35, 05, 5
f4eb585e, 28-1-2020-4-31-16, 00, 0
88a2595e, 28-1-2020-17-30-16, 08, 8
cd9e5a5e, 29-1-2020-11-26-37, 04, 4
287d595e, 28-1-2020-14-50-48, 09, 9
7a445a5e, 29-1-2020-5-1-14, 0a, 10
d17c595e, 28-1-2020-14-49-21, 0f, 15
7d84595e, 28-1-2020-15-22-5, 0d, 13
52945a5e, 29-1-2020-10-41-54, 05, 5
6d6f5b5e, 1-2-2020-2-16-45, 02, 2
3d585a5e, 29-1-2020-6-25-33, 03, 3
83da595e, 29-1-2020--3-29-7, 05, 5
8ebc595e, 28-1-2020-19-21-18, 03, 3
2e545a5e, 29-1-2020-6-8-14, 0b, 11
94be595e, 28-1-2020-19-29-56, 01, 1
b90c5a5e, 29-1-2020-1-3-21, 02, 2
a1c55a5e, 29-1-2020-14-12-17, 02, 2
1cef595e, 29-1-2020--2-57-0, 08, 8
fb705a5e, 29-1-2020-8-11-7, 0c, 12
c057595e, 28-1-2020-12-11-12, 08, 8
d15e595e, 28-1-2020-12-41-21, 0b, 11
37e1595e, 29-1-2020--3-57-43, 04, 4
a9f4595e, 29-1-2020--1-20-41, 03, 3
0dee5a5e, 29-1-2020-17-4-45, 0a, 10
d8f25c5e, 2-2-2020-5-49-44, 05, 5
2fdb595e, 29-1-2020--3-31-59, 0a, 10
7c905a5e, 29-1-2020-10-25-32, 01, 1
52a45b5e, 1-2-2020-6-2-26, 0a, 10
3ee3595e, 29-1-2020--2-6-22, 02, 2
4fad595e, 28-1-2020-18-16-15, 02, 2
83335b5e, 1-2-2020--2-1-7, 08, 8
9a5d5a5e, 29-1-2020-6-48-26, 0e, 14
a1085b5e, 29-1-2020-18-58-9, 07, 7
01eb595e, 29-1-2020--2-39-29, 0e, 14
9a5d5a5e, 29-1-2020-6-48-26, 0e, 14
d07f595e, 28-1-2020-15-2-8, 0c, 12
bcf65a5e, 29-1-2020-17-41-48, 09, 9
c4825a5e, 29-1-2020-9-27-0, 03, 3
c0585b5e, 1-2-2020-0-40-0, 0f, 15
3ae85a5e, 29-1-2020-16-39-54, 08, 8
fdb05a5e, 29-1-2020-12-44-13, 03, 3
bf215a5e, 29-1-2020-2-33-3, 07, 7
30995a5e, 29-1-2020-11-2-40, 02, 2
abde5b5e, 1-2-2020-10-11-23, 0b, 11
30485a5e, 29-1-2020-5-17-4, 08, 8
54065b5e, 29-1-2020-18-48-20, 05, 5
093b5a5e, 29-1-2020-4-20-57, 06, 6
a1c55a5e, 29-1-2020-14-12-17, 02, 2
63955b5e, 1-2-2020-4-58-43, 02, 2
40c25a5e, 29-1-2020-13-57-52, 04, 4
d9f95b5e, 1-2-2020-12-7-21, 08, 8
0b0d5b5e, 29-1-2020-19-16-59, 0c, 12
f9015b5e, 29-1-2020-18-29-45, 03, 3
d4355a5e, 29-1-2020-3-58-44, 02, 2
87c35a5e, 29-1-2020-14-3-19, 08, 8
ce935b5e, 1-2-2020-4-51-58, 0e, 14
884b5a5e, 29-1-2020-5-31-20, 01, 1
3adc5a5e, 29-1-2020-15-48-42, 01, 1
9c085a5e, 29-1-2020-0-45-48, 04, 4
30ec5a5e, 29-1-2020-16-56-48, 0b, 11
dbc7595e, 28-1-2020-20-9-31, 08, 8
bda95c5e, 2-2-2020-0-37-49, 05, 5
ca795b5e, 1-2-2020-3-0-58, 04, 4
2c9e5a5e, 29-1-2020-11-23-56, 08, 8
60485b5e, 1-2-2020--1-30-8, 02, 2
3b785a5e, 29-1-2020-8-42-3, 04, 4
1ef05a5e, 29-1-2020-17-13-34, 02, 2
4b6f5b5e, 1-2-2020-2-16-11, 03, 3
55545b5e, 1-2-2020-0-21-9, 04, 4
76705b5e, 1-2-2020-2-21-10, 0b, 11
f5725a5e, 29-1-2020-8-19-33, 02, 2
77ba5a5e, 29-1-2020-13-24-39, 05, 5
8cb55c5e, 2-2-2020-1-28-12, 0e, 14
f5dc5a5e, 29-1-2020-15-51-49, 10, 16
50e55a5e, 29-1-2020-16-27-28, 04, 4
11cf5b5e, 1-2-2020-9-4-49, 10, 16
bf285d5e, 2-2-2020-9-39-43, 03, 3
58ba5c5e, 2-2-2020-1-48-40, 06, 6
40685b5e, 1-2-2020-1-46-8, 08, 8
3da45e5e, 3-2-2020-12-38-53, 0f, 15
06ed5a5e, 29-1-2020-17-0-22, 06, 6
72f45b5e, 1-2-2020-11-44-18, 07, 7
898c5b5e, 1-2-2020-4-20-57, 06, 6
7dd55a5e, 29-1-2020-15-19-57, 0d, 13
6bdf5a5e, 29-1-2020-16-2-19, 05, 5
0f2d5c5e, 1-2-2020-15-45-51, 06, 6
0a755b5e, 1-2-2020-2-40-42, 09, 9
ac505d5e, 2-2-2020-12-30-4, 01, 1
682c5b5e, 1-2-2020--3-30-48, 05, 5
650c5c5e, 1-2-2020-13-26-29, 05, 5
3ce75b5e, 1-2-2020-10-47-56, 05, 5
29205b5e, 29-1-2020-20-38-33, 0b, 11
c4495c5e, 1-2-2020-17-48-20, 0c, 12
92d75a5e, 29-1-2020-15-28-50, 03, 3
5d095b5e, 29-1-2020-19-1-17, 04, 4
a11c5b5e, 29-1-2020-20-23-29, 02, 2
206a5b5e, 1-2-2020-1-54-8, 01, 1
ee335b5e, 1-2-2020--2-2-54, 03, 3
1c655b5e, 1-2-2020-1-32-44, 05, 5
e09f5b5e, 1-2-2020-5-43-28, 03, 3
8e805c5e, 2-2-2020--3-42-6, 01, 1
8fb55a5e, 29-1-2020-13-3-43, 0b, 11
a3295d5e, 2-2-2020-9-43-31, 09, 9
03af5b5e, 1-2-2020-6-48-3, 01, 1
57345b5e, 1-2-2020--2-4-39, 0a, 10
f4f45b5e, 1-2-2020-11-46-28, 01, 1
6b6c5d5e, 2-2-2020-14-28-27, 0a, 10
77065c5e, 1-2-2020-13-1-11, 09, 9
ce815b5e, 1-2-2020-3-35-10, 0d, 13
de305c5e, 1-2-2020-16-2-6, 05, 5
69c85e5e, 3-2-2020-15-13-13, 05, 5
70015c5e, 1-2-2020-12-39-44, 0d, 13
d4155c5e, 1-2-2020-14-6-44, 0c, 12
06315c5e, 1-2-2020-16-2-46, 03, 3
93f95b5e, 1-2-2020-12-6-11, 0a, 10
920a5d5e, 2-2-2020-7-30-58, 01, 1
1f175f5e, 3-2-2020-20-49-3, 04, 4
f25d5b5e, 1-2-2020-1-2-10, 0c, 12
70bb5b5e, 1-2-2020-7-41-4, 02, 2
70185c5e, 1-2-2020-14-17-52, 0b, 11
cdd35b5e, 1-2-2020-9-25-1, 0c, 12
35e15b5e, 1-2-2020-10-22-13, 02, 2
17635c5e, 1-2-2020-19-36-23, 0a, 10
68c15b5e, 1-2-2020-8-6-32, 08, 8
97a15b5e, 1-2-2020-5-50-47, 04, 4
6a075c5e, 1-2-2020-13-5-14, 0f, 15
96cc5b5e, 1-2-2020-8-54-14, 04, 4
91aa5c5e, 2-2-2020-0-41-21, 04, 4
375b5c5e, 1-2-2020-19-2-47, 02, 2
bb575c5e, 1-2-2020-18-47-55, 08, 8
ee175c5e, 1-2-2020-14-15-42, 04, 4
5c8f5c5e, 2-2-2020--2-45-16, 03, 3
c4545c5e, 1-2-2020-18-35-16, 10, 16
ac0f5f5e, 3-2-2020-20-17-16, 0a, 10
1f315e5e, 3-2-2020-4-27-43, 0d, 13
65535b5e, 1-2-2020-0-17-9, 0e, 14
7a1e5c5e, 1-2-2020-14-43-38, 02, 2
77d15c5e, 2-2-2020-3-27-19, 10, 16
7cb45d5e, 2-2-2020-19-35-56, 0a, 10
55405c5e, 1-2-2020-17-8-5, 0a, 10
ae865d5e, 2-2-2020-16-20-30, 04, 4
95e45b5e, 1-2-2020-10-36-37, 03, 3
2ad05c5e, 2-2-2020-3-21-46, 04, 4
63895c5e, 2-2-2020--2-19-47, 0c, 12
f5fe5b5e, 1-2-2020-12-29-9, 0e, 14
51005d5e, 2-2-2020-6-47-13, 02, 2
57db5c5e, 2-2-2020-4-9-27, 02, 2
2f3c5c5e, 1-2-2020-16-50-23, 04, 4
6f905d5e, 2-2-2020-17-2-7, 0a, 10
6d3c5c5e, 1-2-2020-16-51-25, 01, 1
f41c5c5e, 1-2-2020-14-37-8, 0a, 10
9c225d5e, 2-2-2020-9-13-32, 0e, 14
1e7d5c5e, 2-2-2020--3-27-26, 08, 8
78865c5e, 2-2-2020--2-7-20, 0a, 10
04815c5e, 2-2-2020--3-44-4, 09, 9
f08d5d5e, 2-2-2020-16-51-28, 03, 3
63655d5e, 2-2-2020-13-58-27, 04, 4
62905c5e, 2-2-2020--2-49-38, 02, 2
4aca5d5e, 3-2-2020--3-8-58, 08, 8
ed895c5e, 2-2-2020--2-22-5, 0b, 11
8d3d5d5e, 2-2-2020-11-8-29, 0f, 15
2f015d5e, 2-2-2020-6-50-55, 0c, 12
fd645c5e, 1-2-2020-19-44-29, 03, 3
0dd85c5e, 2-2-2020-3-55-25, 0d, 13
d4255d5e, 2-2-2020-9-27-16, 02, 2
387f5d5e, 2-2-2020-15-48-40, 08, 8
03b15c5e, 2-2-2020-1-8-51, 08, 8
126d5d5e, 2-2-2020-14-31-14, 0d, 13
97a85b5e, 1-2-2020-6-20-39, 05, 5
8fef5c5e, 2-2-2020-5-35-43, 0a, 10
4a4a5d5e, 2-2-2020-12-2-50, 10, 16
822d5d5e, 2-2-2020-10-0-2, 08, 8
522b5c5e, 1-2-2020-15-38-26, 08, 8
73035d5e, 2-2-2020-7-0-35, 08, 8
e18f5b5e, 1-2-2020-4-35-13, 08, 8
fdfd5c5e, 2-2-2020-6-37-17, 0b, 11
d3cd5d5e, 3-2-2020--3-24-3, 04, 4
23315f5e, 4-2-2020--2-40-3, 02, 2
f3505c5e, 1-2-2020-18-18-59, 0b, 11
7fcf5c5e, 2-2-2020-3-18-55, 03, 3
9c175e5e, 3-2-2020-2-38-52, 04, 4
72605c5e, 1-2-2020-19-25-6, 04, 4
d5f25d5e, 3-2-2020-0-1-57, 04, 4
47d15e5e, 3-2-2020-15-51-3, 10, 16
68795c5e, 2-2-2020--3-11-36, 05, 5
c4e65d5e, 3-2-2020--1-10-28, 0c, 12
dc845c5e, 2-2-2020--2-0-28, 04, 4
39f35b5e, 1-2-2020-11-39-5, 04, 4
21f55c5e, 2-2-2020-5-59-29, 04, 4
3b4e5e5e, 3-2-2020-6-31-55, 08, 8
b9db5c5e, 2-2-2020-4-11-5, 07, 7
320b5e5e, 3-2-2020-1-45-54, 0f, 15
c2a45d5e, 2-2-2020-18-28-50, 08, 8
d9595d5e, 2-2-2020-13-9-13, 08, 8
a0415d5e, 2-2-2020-11-25-52, 04, 4
99c55c5e, 2-2-2020-2-36-41, 01, 1
402c5e5e, 3-2-2020-4-6-56, 02, 2
6aa55e5e, 3-2-2020-12-43-54, 0a, 10
24265e5e, 3-2-2020-3-40-52, 01, 1
20fe5c5e, 2-2-2020-6-37-52, 03, 3
bce55d5e, 3-2-2020--1-6-4, 0e, 14
e6b45e5e, 3-2-2020-13-49-58, 0c, 12
535f5d5e, 2-2-2020-13-32-35, 06, 6
db5c5d5e, 2-2-2020-13-22-3, 03, 3
7e335e5e, 3-2-2020-4-37-50, 0e, 14
4f555c5e, 1-2-2020-18-37-35, 05, 5
6a885e5e, 3-2-2020-10-40-10, 05, 5
39475e5e, 3-2-2020-6-2-1, 05, 5
e80c5e5e, 3-2-2020-1-53-12, 05, 5
37c75d5e, 2-2-2020-20-55-51, 10, 16
6ade5c5e, 2-2-2020-4-22-34, 08, 8
e6985d5e, 2-2-2020-17-38-14, 01, 1
de7d5d5e, 2-2-2020-15-42-54, 05, 5
47065e5e, 3-2-2020-1-24-55, 02, 2
39385d5e, 2-2-2020-10-45-45, 05, 5
8e455e5e, 3-2-2020-5-54-54, 10, 16
6ba05d5e, 2-2-2020-18-10-19, 0c, 12
8e655f5e, 4-2-2020-2-23-42, 0f, 15
4fa95c5e, 2-2-2020-0-35-59, 0f, 15
dbc95d5e, 3-2-2020--3-7-7, 0b, 11
e8195d5e, 2-2-2020-8-36-24, 04, 4
23b65c5e, 2-2-2020-1-30-43, 02, 2
78a25d5e, 2-2-2020-18-19-4, 0b, 11
d6765e5e, 3-2-2020-9-25-10, 08, 8
b3785d5e, 2-2-2020-15-20-51, 0b, 11
bb015e5e, 3-2-2020-1-5-31, 08, 8
b2295e5e, 3-2-2020-3-56-2, 03, 3
65b85e5e, 3-2-2020-14-4-53, 03, 3
7fd85d5e, 3-2-2020--2-9-35, 0a, 10
47fd5d5e, 3-2-2020-0-46-31, 03, 3
67615e5e, 3-2-2020-7-53-43, 04, 4
514f5d5e, 2-2-2020-12-24-17, 02, 2
d75b605e, 4-2-2020-19-54-31, 01, 1
93805d5e, 2-2-2020-15-54-27, 02, 2
dbf05c5e, 2-2-2020-5-41-15, 0e, 14
84485d5e, 2-2-2020-11-55-16, 0a, 10
3fe05d5e, 3-2-2020--2-42-39, 01, 1
3a135e5e, 3-2-2020-2-20-10, 0b, 11
1cd65d5e, 3-2-2020--3-59-24, 07, 7
70e55d5e, 3-2-2020--1-4-48, 06, 6
b8285e5e, 3-2-2020-3-51-52, 08, 8
99d25e5e, 3-2-2020-15-56-41, 02, 2
60785e5e, 3-2-2020-9-31-44, 02, 2
27c25d5e, 2-2-2020-20-34-15, 03, 3
b17b5f5e, 4-2-2020-3-58-9, 02, 2
a5f0605e, 5-2-2020-6-29-25, 03, 3
bade5d5e, 3-2-2020--2-36-10, 02, 2
8a8d5f5e, 4-2-2020-5-14-18, 06, 6
923c5e5e, 3-2-2020-5-16-34, 04, 4
ccb55d5e, 2-2-2020-19-41-32, 09, 9
b96a5e5e, 3-2-2020-8-33-29, 01, 1
aea95d5e, 2-2-2020-18-49-50, 04, 4
c241615e, 5-2-2020-12-15-30, 04, 4
0ea25e5e, 3-2-2020-12-29-34, 02, 2
705a5e5e, 3-2-2020-7-24-0, 0a, 10
58575e5e, 3-2-2020-7-10-48, 0c, 12
3aca5e5e, 3-2-2020-15-20-58, 08, 8
38585e5e, 3-2-2020-7-14-32, 09, 9
8f615e5e, 3-2-2020-7-54-23, 0e, 14
0d525e5e, 3-2-2020-6-48-13, 02, 2
e29a5e5e, 3-2-2020-11-58-58, 06, 6
0faf5d5e, 2-2-2020-19-12-47, 02, 2
abf85e5e, 3-2-2020-18-39-7, 01, 1
76605d5e, 2-2-2020-13-37-26, 0c, 12
64865e5e, 3-2-2020-10-31-32, 04, 4
a6ed5e5e, 3-2-2020-17-52-6, 0a, 10
c7555e5e, 3-2-2020-7-4-7, 03, 3
4ec35d5e, 2-2-2020-20-39-10, 05, 5
2c045f5e, 3-2-2020-19-28-12, 06, 6
7e875e5e, 3-2-2020-10-36-14, 03, 3
12ee5e5e, 3-2-2020-17-53-54, 05, 5
26aa5f5e, 4-2-2020-7-16-22, 04, 4
d2795f5e, 4-2-2020-3-50-10, 08, 8
67cd5f5e, 4-2-2020-9-46-47, 04, 4
b6ac5f5e, 4-2-2020-7-27-18, 0e, 14
41d4615e, 6-2-2020--2-40-33, 01, 1
6e435f5e, 4-2-2020--1-58-6, 01, 1
432a605e, 4-2-2020-16-22-59, 06, 6
21f35f5e, 4-2-2020-12-27-45, 04, 4
cf575f5e, 4-2-2020-1-25-3, 03, 3
534b5f5e, 4-2-2020-0-31-47, 08, 8
d0b85f5e, 4-2-2020-8-18-56, 10, 16
46e05f5e, 4-2-2020-11-7-18, 03, 3
94565f5e, 4-2-2020-1-19-48, 02, 2
cffa615e, 6-2-2020-1-25-3, 0c, 12
dd935f5e, 4-2-2020-5-41-17, 0d, 13
8d875f5e, 4-2-2020-4-48-45, 01, 1
52035f5e, 3-2-2020-19-24-34, 02, 2
18bc605e, 5-2-2020-2-45-12, 03, 3
96a15f5e, 4-2-2020-6-39-50, 0c, 12
71f45e5e, 3-2-2020-18-21-5, 0c, 12
7800615e, 5-2-2020-7-36-56, 02, 2
6cfb5e5e, 3-2-2020-18-50-52, 0d, 13
aaef5e5e, 3-2-2020-18-0-42, 08, 8
8fa45e5e, 3-2-2020-12-40-15, 08, 8
00af5e5e, 3-2-2020-13-24-48, 01, 1
34945e5e, 3-2-2020-11-30-28, 0b, 11
e6f45e5e, 3-2-2020-18-23-2, 04, 4
73ab5e5e, 3-2-2020-13-9-39, 04, 4
3f375f5e, 4-2-2020--1-6-7, 0a, 10
67a9605e, 5-2-2020-1-25-27, 04, 4
7717605e, 4-2-2020-15-2-47, 04, 4
6dc65f5e, 4-2-2020-9-17-1, 08, 8
952c605e, 4-2-2020-16-32-53, 0e, 14
9ab45f5e, 4-2-2020-8-0-58, 0a, 10
3965605e, 4-2-2020-20-34-33, 08, 8
741c5f5e, 4-2-2020--3-11-48, 03, 3
2dcf5e5e, 3-2-2020-15-42-5, 07, 7
5f605f5e, 4-2-2020-2-1-35, 04, 4
2689625e, 6-2-2020-11-32-22, 0e, 14
65585f5e, 4-2-2020-1-27-33, 10, 16
783d5f5e, 4-2-2020--1-32-40, 05, 5
39d05e5e, 3-2-2020-15-46-33, 04, 4
85ef5f5e, 4-2-2020-12-12-21, 00, 0
87ea5e5e, 3-2-2020-17-38-47, 03, 3
f7825f5e, 4-2-2020-4-29-11, 05, 5
c7215f5e, 4-2-2020--3-34-31, 0b, 11
9fff605e, 5-2-2020-7-33-19, 0e, 14
11fe5f5e, 4-2-2020-13-14-25, 0c, 12
444f615e, 5-2-2020-13-13-8, 0b, 11
88155f5e, 3-2-2020-20-42-16, 08, 8
5da2615e, 5-2-2020-19-7-41, 0a, 10
ad615f5e, 4-2-2020-2-7-9, 09, 9
6e855f5e, 4-2-2020-4-39-42, 03, 3
b1a05f5e, 4-2-2020-6-36-1, 02, 2
5543605e, 4-2-2020-18-9-57, 0a, 10
2157605e, 4-2-2020-19-34-25, 07, 7
29f25f5e, 4-2-2020-12-23-37, 0f, 15
6093605e, 5-2-2020--1-51-28, 05, 5
1d7b605e, 5-2-2020--2-7-57, 10, 16
30f55f5e, 4-2-2020-12-36-32, 08, 8
3e66615e, 5-2-2020-14-51-10, 04, 4
90c95e5e, 3-2-2020-15-18-8, 0a, 10
123e605e, 4-2-2020-17-47-30, 0c, 12
c4385f5e, 4-2-2020--1-12-36, 0c, 12
e5f95f5e, 4-2-2020-12-56-37, 0a, 10
f651605e, 4-2-2020-19-12-22, 0b, 11
425c615e, 5-2-2020-14-8-34, 02, 2
1943605e, 4-2-2020-18-8-57, 03, 3
ea93605e, 5-2-2020--1-53-46, 08, 8
37855f5e, 4-2-2020-4-38-47, 04, 4
a559615e, 5-2-2020-13-57-25, 0a, 10
46055f5e, 3-2-2020-19-32-54, 0e, 14
bd3b605e, 4-2-2020-17-37-33, 04, 4
8d125f5e, 3-2-2020-20-29-33, 05, 5
bf5e605e, 4-2-2020-20-6-55, 04, 4
50af5f5e, 4-2-2020-7-38-24, 07, 7
c584605e, 5-2-2020--2-49-9, 09, 9
8c68605e, 4-2-2020-20-48-44, 0a, 10
8e3b5f5e, 4-2-2020--1-24-30, 04, 4
f4c55f5e, 4-2-2020-9-15-0, 02, 2
1ef0605e, 5-2-2020-6-27-10, 08, 8
fcbd605e, 5-2-2020-2-53-16, 0e, 14
f213605e, 4-2-2020-14-47-46, 01, 1
b3e15e5e, 3-2-2020-17-1-7, 09, 9
b17b5f5e, 4-2-2020-3-58-9, 02, 2
e63f605e, 4-2-2020-17-55-18, 08, 8
e7e8605e, 5-2-2020-5-56-23, 01, 1
cbcb5f5e, 4-2-2020-9-39-55, 01, 1
496b615e, 5-2-2020-15-12-41, 07, 7
7e0a605e, 4-2-2020-14-7-26, 05, 5
90c15f5e, 4-2-2020-8-56-16, 05, 5
19b1615e, 5-2-2020-20-10-33, 05, 5
dc03605e, 4-2-2020-13-39-8, 09, 9
c3b3605e, 5-2-2020-2-9-39, 02, 2
636e615e, 5-2-2020-15-25-55, 06, 6
bdab615e, 5-2-2020-19-47-41, 03, 3
81a05f5e, 4-2-2020-6-35-13, 08, 8
ee33615e, 5-2-2020-11-16-30, 0a, 10
022d615e, 5-2-2020-10-46-58, 01, 1
3408615e, 5-2-2020-8-9-56, 10, 16
721b615e, 5-2-2020-9-32-2, 04, 4
10a2605e, 5-2-2020-0-54-8, 01, 1
15b55f5e, 4-2-2020-8-3-1, 0b, 11
387e605e, 5-2-2020--2-21-12, 0c, 12
5c36615e, 5-2-2020-11-26-52, 0f, 15
2ff6605e, 5-2-2020-6-53-3, 04, 4
4624615e, 5-2-2020-10-9-42, 03, 3
4726615e, 5-2-2020-10-18-15, 02, 2
335c605e, 4-2-2020-19-56-3, 02, 2
dbc5605e, 5-2-2020-3-26-51, 08, 8
ff9a615e, 5-2-2020-18-36-15, 02, 2
8b1a605e, 4-2-2020-15-15-55, 08, 8
871e605e, 4-2-2020-15-32-55, 0a, 10
e11b615e, 5-2-2020-9-33-53, 00, 0
03b05f5e, 4-2-2020-7-41-23, 03, 3
d23a615e, 5-2-2020-11-45-54, 09, 9
9ac5605e, 5-2-2020-3-25-46, 06, 6
448e605e, 5-2-2020--1-29-40, 02, 2
3d82605e, 5-2-2020--2-38-21, 04, 4
9acf605e, 5-2-2020-4-8-26, 04, 4
2026615e, 5-2-2020-10-17-36, 05, 5
8afd615e, 6-2-2020-1-36-42, 06, 6
a225605e, 4-2-2020-16-3-14, 02, 2
e57b635e, 7-2-2020-4-48-5, 03, 3
5598615e, 5-2-2020-18-24-53, 10, 16
5ba6605e, 5-2-2020-1-12-27, 0f, 15
86e9615e, 6-2-2020-0-11-18, 0d, 13
978a615e, 5-2-2020-17-26-15, 04, 4
fc42625e, 6-2-2020-6-33-0, 04, 4
ffb1605e, 5-2-2020-2-2-7, 0a, 10
e0c5615e, 6-2-2020--3-39-12, 07, 7
2a03655e, 8-2-2020-8-37-30, 0e, 14
e1ea615e, 6-2-2020-0-17-5, 08, 8
d50e605e, 4-2-2020-14-25-57, 03, 3
f86b615e, 5-2-2020-15-15-36, 05, 5
35eb605e, 5-2-2020-6-6-13, 0c, 12
8eab615e, 5-2-2020-19-46-54, 09, 9
2780615e, 5-2-2020-16-41-43, 08, 8
ebfe615e, 6-2-2020-1-42-35, 02, 2
d2ae615e, 5-2-2020-20-0-50, 04, 4
2bd8605e, 5-2-2020-4-44-59, 0b, 11
882b645e, 7-2-2020-17-17-28, 05, 5
52ee615e, 6-2-2020-0-31-46, 03, 3
274c605e, 4-2-2020-18-47-35, 05, 5
d713625e, 6-2-2020-3-11-51, 08, 8
d9dd605e, 5-2-2020-5-9-13, 05, 5
cb7a605e, 5-2-2020--2-6-35, 03, 3
3607615e, 5-2-2020-8-5-42, 07, 7
a92b635e, 7-2-2020--1-5-45, 10, 16
4eff615e, 6-2-2020-1-44-14, 05, 5
1d94615e, 5-2-2020-18-6-53, 0b, 11
c05c625e, 6-2-2020-8-22-56, 0c, 12
98a8615e, 5-2-2020-19-34-16, 0c, 12
08cc615e, 6-2-2020--2-5-28, 0b, 11
2780615e, 5-2-2020-16-41-43, 08, 8
45da605e, 5-2-2020-4-53-57, 02, 2
7c0f625e, 6-2-2020-2-53-16, 0e, 14
1a84605e, 5-2-2020--2-46-18, 0d, 13
7543625e, 6-2-2020-6-35-1, 09, 9
c9af625e, 6-2-2020-14-17-13, 0c, 12
cf1d625e, 6-2-2020-3-54-23, 04, 4
f645615e, 5-2-2020-12-33-26, 0c, 12
653e625e, 6-2-2020-6-13-25, 05, 5
3bec615e, 6-2-2020-0-22-51, 0f, 15
03aa625e, 6-2-2020-13-52-35, 01, 1
7268615e, 5-2-2020-15-0-34, 00, 0
fd23635e, 7-2-2020--2-33-1, 04, 4
ea38625e, 6-2-2020-5-50-2, 08, 8
7b07645e, 7-2-2020-14-43-39, 05, 5
56ff625e, 6-2-2020-19-56-38, 01, 1
e64f615e, 5-2-2020-13-15-50, 08, 8
0493625e, 6-2-2020-12-14-28, 08, 8
9dd7625e, 6-2-2020-17-7-9, 09, 9
e538635e, 7-2-2020-0-2-13, 0c, 12
95fd605e, 5-2-2020-7-24-37, 0d, 13
9c94615e, 5-2-2020-18-9-0, 0e, 14
a2f8615e, 6-2-2020-1-15-46, 04, 4
da73625e, 6-2-2020-10-1-30, 07, 7
9780635e, 7-2-2020-5-8-7, 02, 2
159c625e, 6-2-2020-12-53-9, 02, 2
fb69625e, 6-2-2020-9-19-23, 04, 4
1162625e, 6-2-2020-8-45-37, 08, 8
3f77615e, 5-2-2020-16-3-43, 0c, 12
a0c6615e, 6-2-2020--3-42-24, 0a, 10
a082625e, 6-2-2020-11-4-32, 05, 5
6747635e, 7-2-2020-1-4-7, 01, 1
62cf625e, 6-2-2020-16-32-2, 02, 2
c9eb635e, 7-2-2020-12-45-29, 08, 8
d949625e, 6-2-2020-7-2-17, 02, 2
d57d615e, 5-2-2020-16-31-49, 0a, 10
8692625e, 6-2-2020-12-12-22, 04, 4
93b8625e, 6-2-2020-14-54-43, 08, 8
bcd5615e, 6-2-2020--2-46-52, 02, 2
1fff645e, 8-2-2020-8-20-15, 0a, 10
501c625e, 6-2-2020-3-48-0, 03, 3
bc59635e, 7-2-2020-2-22-20, 02, 2
aa42625e, 6-2-2020-6-31-38, 10, 16
73e3635e, 7-2-2020-12-9-55, 05, 5
a3c0645e, 8-2-2020-3-53-39, 04, 4
abc3625e, 6-2-2020-15-42-3, 10, 16
f824625e, 6-2-2020-4-24-56, 02, 2
0d3e625e, 6-2-2020-6-11-57, 0e, 14
ca5e625e, 6-2-2020-8-31-38, 01, 1
af58625e, 6-2-2020-8-5-35, 0d, 13
954b635e, 7-2-2020-1-21-57, 04, 4
058d635e, 7-2-2020-6-1-9, 08, 8
1f45625e, 6-2-2020-6-42-7, 03, 3
8cf8625e, 6-2-2020-19-27-40, 10, 16
2270625e, 6-2-2020-9-45-38, 02, 2
03d7645e, 8-2-2020-5-29-7, 0e, 14
a8ae615e, 5-2-2020-20-0-8, 08, 8
9768625e, 6-2-2020-9-13-27, 10, 16
4881625e, 6-2-2020-10-58-48, 0f, 15
c345625e, 6-2-2020-6-44-51, 0b, 11
90ed625e, 6-2-2020-18-40-48, 05, 5
91d3615e, 6-2-2020--2-37-37, 04, 4
25c6625e, 6-2-2020-15-52-37, 05, 5
968d625e, 6-2-2020-11-51-18, 0a, 10
cc70645e, 8-2-2020--2-13-0, 06, 6
5803635e, 6-2-2020-20-13-44, 08, 8
6d28625e, 6-2-2020-4-39-41, 0a, 10
9e1a625e, 6-2-2020-3-40-46, 01, 1
f654635e, 7-2-2020-2-1-58, 05, 5
01de625e, 6-2-2020-17-34-25, 08, 8
bcbd635e, 7-2-2020-9-29-0, 08, 8
14cf625e, 6-2-2020-16-30-44, 0b, 11
7b3a635e, 7-2-2020-0-8-59, 0e, 14
2165635e, 7-2-2020-3-10-57, 09, 9
4adb625e, 6-2-2020-17-22-50, 04, 4
b5b1625e, 6-2-2020-14-25-25, 0a, 10
312c645e, 7-2-2020-17-20-17, 04, 4
4e98635e, 7-2-2020-6-49-18, 04, 4
c0d6625e, 6-2-2020-17-3-28, 03, 3
88d6625e, 6-2-2020-17-2-32, 0a, 10
8703635e, 6-2-2020-20-14-31, 02, 2
bbcd635e, 7-2-2020-10-37-15, 02, 2
05a6625e, 6-2-2020-13-35-33, 03, 3
5bae625e, 6-2-2020-14-11-7, 06, 6
b43a635e, 7-2-2020-0-9-56, 0d, 13
17bc645e, 8-2-2020-3-34-15, 05, 5
1f15635e, 7-2-2020--3-29-35, 05, 5
6875625e, 6-2-2020-10-8-8, 03, 3
3574645e, 8-2-2020--2-27-33, 04, 4
118a655e, 8-2-2020-18-13-5, 05, 5
e8e1635e, 7-2-2020-12-3-20, 0b, 11
da87655e, 8-2-2020-18-3-38, 03, 3
d12c635e, 7-2-2020--1-10-41, 08, 8
ac77645e, 8-2-2020--2-42-20, 0a, 10
bcbd635e, 7-2-2020-9-29-0, 08, 8
651b645e, 7-2-2020-16-8-37, 03, 3
1be4635e, 7-2-2020-12-12-43, 04, 4
56ee625e, 6-2-2020-18-44-6, 0c, 12
88ec635e, 7-2-2020-12-48-40, 03, 3
c451635e, 7-2-2020-1-48-20, 10, 16
7843635e, 7-2-2020-0-47-20, 03, 3
8703635e, 6-2-2020-20-14-31, 02, 2
8f55635e, 7-2-2020-2-4-31, 0b, 11
729b645e, 8-2-2020-1-14-58, 10, 16
7ee5635e, 7-2-2020-12-18-38, 0f, 15
c4f3635e, 7-2-2020-13-19-32, 02, 2
bfff625e, 6-2-2020-19-58-23, 04, 4
bd4f645e, 7-2-2020-19-51-57, 0b, 11
d4b4635e, 7-2-2020-8-51-0, 03, 3
ffb6625e, 6-2-2020-14-47-59, 04, 4
94a6635e, 7-2-2020-7-50-12, 02, 2
4637645e, 7-2-2020-18-7-34, 08, 8
a711645e, 7-2-2020-15-27-3, 08, 8
e8e5655e, 9-2-2020-0-44-56, 02, 2
ffac645e, 8-2-2020-2-29-51, 0f, 15
f131635e, 7-2-2020--1-32-33, 02, 2
42a0645e, 8-2-2020-1-35-30, 0d, 13
b088645e, 8-2-2020--1-54-56, 02, 2
e9d0635e, 7-2-2020-10-50-49, 01, 1
5020635e, 7-2-2020--2-17-20, 0a, 10
c708645e, 7-2-2020-14-49-11, 0a, 10
4f63645e, 8-2-2020--3-15-27, 02, 2
45a5635e, 7-2-2020-7-44-37, 05, 5
a19f655e, 8-2-2020-19-45-5, 04, 4
6885635e, 7-2-2020-5-28-40, 0e, 14
2cba635e, 7-2-2020-9-13-48, 07, 7
7272635e, 7-2-2020-4-7-46, 04, 4
4293625e, 6-2-2020-12-15-30, 10, 16
23b1645e, 8-2-2020-2-47-31, 02, 2
cc2c645e, 7-2-2020-17-22-52, 0a, 10
8ce5645e, 8-2-2020-6-31-8, 04, 4
5bdc645e, 8-2-2020-5-51-55, 03, 3
ec9a645e, 8-2-2020-1-12-44, 04, 4
895c645e, 7-2-2020-20-46-33, 08, 8
c109635e, 6-2-2020-20-41-5, 03, 3
3808645e, 7-2-2020-14-46-48, 00, 0
688c635e, 7-2-2020-5-58-32, 01, 1
83bd645e, 8-2-2020-3-40-19, 08, 8
72e4635e, 7-2-2020-12-14-10, 0a, 10
5b9e645e, 8-2-2020-1-27-23, 0e, 14
c203645e, 7-2-2020-14-27-46, 09, 9
7843635e, 7-2-2020-0-47-20, 03, 3
e4fb645e, 8-2-2020-8-6-28, 02, 2
dae3635e, 7-2-2020-12-11-38, 10, 16
0241635e, 7-2-2020-0-36-50, 06, 6
37ef645e, 8-2-2020-7-12-23, 0b, 11
8b60655e, 8-2-2020-15-15-55, 0a, 10
8c63635e, 7-2-2020-3-4-12, 08, 8
8ffb625e, 6-2-2020-19-40-31, 0a, 10
f1ed645e, 8-2-2020-7-6-57, 01, 1
a927645e, 7-2-2020-17-0-57, 0b, 11
0fec635e, 7-2-2020-12-46-39, 0e, 14
884f655e, 8-2-2020-14-3-20, 02, 2
3c78645e, 8-2-2020--2-44-44, 0b, 11
c251655e, 8-2-2020-14-12-50, 10, 16
0deb635e, 7-2-2020-12-42-21, 06, 6
7ae2645e, 8-2-2020-6-18-2, 08, 8
f5e6655e, 9-2-2020-0-49-25, 05, 5
2e86655e, 8-2-2020-17-56-30, 10, 16
06b1665e, 9-2-2020-15-11-34, 08, 8
f58d645e, 8-2-2020-0-17-25, 09, 9
2036655e, 8-2-2020-12-14-56, 01, 1
3b93635e, 7-2-2020-6-27-39, 0a, 10
ed04645e, 7-2-2020-14-32-45, 0c, 12
3050645e, 7-2-2020-19-53-52, 04, 4
0ea5665e, 9-2-2020-14-20-30, 07, 7
de63645e, 8-2-2020--3-17-50, 01, 1
3eaf635e, 7-2-2020-8-27-10, 0c, 12
7f8f655e, 8-2-2020-18-36-15, 00, 0
c655655e, 8-2-2020-14-29-58, 04, 4
4a56655e, 8-2-2020-14-32-10, 05, 5
d6af655e, 8-2-2020-20-54-14, 0a, 10
6c85655e, 8-2-2020-17-53-16, 08, 8
77ac635e, 7-2-2020-8-15-19, 0d, 13
e750645e, 7-2-2020-19-56-55, 0a, 10
9210665e, 9-2-2020-3-46-58, 04, 4
c1ea655e, 9-2-2020-1-5-37, 04, 4
0568645e, 8-2-2020--3-35-33, 07, 7
3d1b645e, 7-2-2020-16-7-57, 00, 0
de4b645e, 7-2-2020-19-35-26, 03, 3
8598645e, 8-2-2020-1-2-29, 0c, 12
2bcc665e, 9-2-2020-17-7-23, 03, 3
3574645e, 8-2-2020--2-27-33, 04, 4
a246655e, 8-2-2020-13-25-22, 0f, 15
e03d645e, 7-2-2020-18-35-44, 02, 2
083a655e, 8-2-2020-12-31-36, 09, 9
c518645e, 7-2-2020-15-57-25, 02, 2
1b24655e, 8-2-2020-10-58-3, 06, 6
6cf6645e, 8-2-2020-7-43-8, 05, 5
37b5645e, 8-2-2020-3-4-55, 03, 3
6ad6645e, 8-2-2020-5-26-34, 02, 2
67b5655e, 9-2-2020--3-17-59, 03, 3
9e12655e, 8-2-2020-9-43-26, 0d, 13
d490645e, 8-2-2020-0-29-40, 08, 8
ed13665e, 9-2-2020-4-1-17, 0e, 14
2daa645e, 8-2-2020-2-17-49, 01, 1
e04f645e, 7-2-2020-19-52-32, 05, 5
8f61665e, 9-2-2020-9-32-31, 01, 1
00fc665e, 9-2-2020-20-31-28, 08, 8
fb22655e, 8-2-2020-10-53-15, 02, 2
a84e655e, 8-2-2020-13-59-36, 0c, 12
3f82655e, 8-2-2020-17-39-43, 01, 1
76d6655e, 9-2-2020--1-39-2, 01, 1
5308655e, 8-2-2020-8-59-31, 08, 8
e8e1655e, 9-2-2020-0-27-52, 08, 8
d67a655e, 8-2-2020-17-8-6, 04, 4
d109655e, 8-2-2020-9-5-53, 04, 4
6584655e, 8-2-2020-17-48-53, 02, 2
294a665e, 9-2-2020-7-52-41, 0a, 10
5ac4655e, 9-2-2020--2-21-46, 04, 4
5b8b665e, 9-2-2020-12-30-51, 08, 8
6e84665e, 9-2-2020-12-1-18, 02, 2
7042675e, 10-2-2020-1-32-0, 02, 2
df31655e, 8-2-2020-11-56-47, 05, 5
a43a675e, 10-2-2020-0-58-44, 05, 5
dd23655e, 8-2-2020-10-57-1, 10, 16
4635655e, 8-2-2020-12-11-18, 03, 3
597e645e, 8-2-2020--1-10-49, 03, 3
6404655e, 8-2-2020-8-42-44, 03, 3
1245645e, 7-2-2020-19-6-26, 0c, 12
9904665e, 9-2-2020-2-55-53, 0d, 13
bdb5665e, 9-2-2020-15-31-41, 02, 2
11ba655e, 9-2-2020--3-37-53, 02, 2
2acb665e, 9-2-2020-17-3-6, 04, 4
495e655e, 8-2-2020-15-6-17, 03, 3
3db6655e, 9-2-2020--3-21-33, 09, 9
b9fe665e, 9-2-2020-20-43-5, 0b, 11
e8e5655e, 9-2-2020-0-44-56, 02, 2
aca7665e, 9-2-2020-14-31-40, 04, 4
95bb655e, 9-2-2020--3-44-21, 10, 16
f25f655e, 8-2-2020-15-13-22, 08, 8
3a9d655e, 8-2-2020-19-34-50, 06, 6
b830655e, 8-2-2020-11-51-52, 04, 4
f836685e, 10-2-2020-18-55-20, 0a, 10
35fd645e, 8-2-2020-8-12-5, 0c, 12
d168665e, 9-2-2020-10-3-29, 05, 5
fa67675e, 10-2-2020-4-12-10, 06, 6
623a655e, 8-2-2020-12-33-6, 08, 8
3d17685e, 10-2-2020-16-39-57, 09, 9
e432665e, 9-2-2020-6-13-24, 08, 8
b75b665e, 9-2-2020-9-7-35, 02, 2
0359665e, 9-2-2020-8-56-3, 10, 16
d6af655e, 8-2-2020-20-54-14, 0a, 10
daaa665e, 9-2-2020-14-45-14, 01, 1
f91a675e, 10-2-2020--2-43-37, 02, 2
4c6e655e, 8-2-2020-16-14-36, 0b, 11
1c26665e, 9-2-2020-5-18-52, 05, 5
9db6665e, 9-2-2020-15-35-25, 0a, 10
9c63665e, 9-2-2020-9-41-16, 09, 9
170d665e, 9-2-2020-3-32-7, 10, 16
aa34665e, 9-2-2020-6-20-58, 02, 2
bd0d665e, 9-2-2020-3-34-53, 02, 2
1d1a665e, 9-2-2020-4-27-41, 03, 3
550a665e, 9-2-2020-3-20-21, 08, 8
15f3665e, 9-2-2020-19-53-25, 10, 16
94aa665e, 9-2-2020-14-44-4, 0f, 15
a879665e, 9-2-2020-11-15-20, 0b, 11
6ca2665e, 9-2-2020-14-9-16, 03, 3
62e0655e, 9-2-2020-0-21-22, 07, 7
8039695e, 11-2-2020-13-18-24, 00, 0
ccaa655e, 8-2-2020-20-32-44, 08, 8
32ae655e, 8-2-2020-20-47-14, 0e, 14
3df1655e, 9-2-2020-1-33-17, 0b, 11
7a11685e, 10-2-2020-16-15-22, 05, 5
7410675e, 10-2-2020--3-58-44, 04, 4
80dc655e, 9-2-2020-0-4-48, 0c, 12
26c6675e, 10-2-2020-10-53-58, 05, 5
5e29655e, 8-2-2020-11-20-30, 07, 7
4eec655e, 9-2-2020-1-12-14, 03, 3
21dc665e, 9-2-2020-18-15-29, 0c, 12
d782665e, 9-2-2020-11-54-31, 04, 4
0e99665e, 9-2-2020-13-29-18, 0c, 12
a00a665e, 9-2-2020-3-21-36, 0f, 15
9ccb675e, 10-2-2020-11-17-16, 04, 4
10946a5e, 12-2-2020-13-57-4, 0f, 15
2f1d665e, 9-2-2020-4-40-47, 01, 1
feab675e, 10-2-2020-9-2-22, 08, 8
a141665e, 9-2-2020-7-16-17, 0c, 12
80ac665e, 9-2-2020-14-52-16, 05, 5
3a92665e, 9-2-2020-13-0-10, 0a, 10
397a665e, 9-2-2020-11-17-45, 03, 3
f596685e, 11-2-2020-1-44-53, 02, 2
c245665e, 9-2-2020-7-33-54, 03, 3
1c5c675e, 10-2-2020-3-21-32, 0e, 14
3f35675e, 10-2-2020-0-35-43, 04, 4
e53e665e, 9-2-2020-7-4-37, 06, 6
4137665e, 9-2-2020-6-32-1, 04, 4
0e33665e, 9-2-2020-6-14-6, 10, 16
fa5b665e, 9-2-2020-9-8-42, 04, 4
f437675e, 10-2-2020-0-47-16, 0a, 10
fbeb675e, 10-2-2020-13-35-23, 03, 3
43f7665e, 9-2-2020-20-11-15, 01, 1
7a40675e, 10-2-2020-1-23-38, 01, 1
db7a675e, 10-2-2020-5-32-43, 05, 5
bbef665e, 9-2-2020-19-39-7, 05, 5
6cae665e, 9-2-2020-15-0-28, 0d, 13
c5a4675e, 10-2-2020-8-31-33, 04, 4
b4f7665e, 9-2-2020-20-13-8, 03, 3
8990675e, 10-2-2020-7-5-13, 0e, 14
a1e0675e, 10-2-2020-12-46-57, 02, 2
6f8e675e, 10-2-2020-6-56-15, 0c, 12
885c675e, 10-2-2020-3-23-20, 08, 8
2be5665e, 9-2-2020-18-54-3, 09, 9
4e5a665e, 9-2-2020-9-1-34, 08, 8
b087675e, 10-2-2020-6-27-28, 09, 9
fcab685e, 11-2-2020-3-14-36, 01, 1
ab5a675e, 10-2-2020-3-15-23, 04, 4
016b675e, 10-2-2020-4-25-5, 07, 7
3826685e, 10-2-2020-17-43-52, 00, 0
4c48665e, 9-2-2020-7-44-44, 0e, 14
b3d6665e, 9-2-2020-17-52-19, 08, 8
8256685e, 11-2-2020--3-9-54, 0d, 13
53ce665e, 9-2-2020-17-16-35, 06, 6
790c685e, 10-2-2020-15-54-1, 06, 6
b782675e, 10-2-2020-6-6-15, 08, 8
f60d685e, 10-2-2020-16-0-22, 02, 2
7b68685e, 11-2-2020--2-26-35, 03, 3
7331675e, 10-2-2020-0-19-31, 08, 8
5ded665e, 9-2-2020-19-29-1, 04, 4
505d675e, 10-2-2020-3-26-40, 03, 3
67af675e, 10-2-2020-9-16-55, 10, 16
547a675e, 10-2-2020-5-30-28, 10, 16
3ffc685e, 11-2-2020-8-57-3, 08, 8
a8e7665e, 9-2-2020-19-4-40, 00, 0
7258675e, 10-2-2020-3-5-54, 0f, 15
ef62695e, 11-2-2020-16-15-11, 0c, 12
d122685e, 10-2-2020-17-29-21, 0c, 12
7ed9665e, 9-2-2020-18-4-14, 0a, 10
8fdb675e, 10-2-2020-12-25-19, 08, 8
5b87675e, 10-2-2020-6-26-3, 01, 1
e85a685e, 11-2-2020--3-28-40, 05, 5
fc7d685e, 11-2-2020--1-58-20, 08, 8
fde7695e, 12-2-2020-1-42-53, 0e, 14
bffc665e, 9-2-2020-20-34-39, 0a, 10
3e9b675e, 10-2-2020-7-50-54, 0b, 11
3b2c675e, 10-2-2020--1-57-15, 03, 3
2d70675e, 10-2-2020-4-47-9, 0d, 13
22ef675e, 10-2-2020-13-48-50, 0a, 10
22ef675e, 10-2-2020-13-48-50, 0a, 10
27d9665e, 9-2-2020-18-2-47, 0e, 14
0934685e, 10-2-2020-18-42-49, 04, 4
abe3685e, 11-2-2020-7-12-11, 02, 2
1f13685e, 10-2-2020-16-22-23, 0a, 10
3a09685e, 10-2-2020-15-40-10, 0e, 14
4ab6675e, 10-2-2020-9-46-18, 02, 2
d87f675e, 10-2-2020-5-54-0, 04, 4
be23675e, 10-2-2020--1-21-2, 0c, 12
ae3c685e, 10-2-2020-19-19-42, 03, 3
4d90675e, 10-2-2020-7-4-13, 02, 2
02e7675e, 10-2-2020-13-14-10, 0c, 12
84ae6a5e, 12-2-2020-15-49-56, 0c, 12
57cb675e, 10-2-2020-11-16-7, 01, 1
b2e8695e, 12-2-2020-1-45-54, 03, 3
446a675e, 10-2-2020-4-21-56, 02, 2
ec85695e, 11-2-2020-18-44-28, 03, 3
6deb675e, 10-2-2020-13-33-1, 0f, 15
7457685e, 11-2-2020--3-13-56, 04, 4
9b4d695e, 11-2-2020-14-44-11, 0f, 15
2dca675e, 10-2-2020-11-11-9, 0a, 10
654c685e, 10-2-2020-20-26-45, 08, 8
6a13685e, 10-2-2020-16-23-38, 03, 3
f477695e, 11-2-2020-17-44-52, 08, 8
04ce685e, 11-2-2020-5-39-48, 03, 3
153c685e, 10-2-2020-19-17-9, 02, 2
3310695e, 11-2-2020-10-22-11, 04, 4
0ac9685e, 11-2-2020-5-18-34, 0b, 11
786a685e, 11-2-2020--2-35-4, 10, 16
1df2685e, 11-2-2020-8-13-49, 01, 1
547b685e, 11-2-2020--1-47-0, 04, 4
e1106a5e, 12-2-2020-4-37-21, 10, 16
5a60685e, 11-2-2020--3-51-54, 0c, 12
dcc5685e, 11-2-2020-5-5-0, 04, 4
ebee675e, 10-2-2020-13-47-55, 04, 4
36a1685e, 11-2-2020-2-28-38, 06, 6
0927685e, 10-2-2020-17-47-21, 08, 8
514a695e, 11-2-2020-14-30-9, 06, 6
3dbf675e, 10-2-2020-10-24-29, 03, 3
dda1685e, 11-2-2020-2-31-25, 0e, 14
c531695e, 11-2-2020-12-45-25, 05, 5
40c7695e, 12-2-2020--1-23-12, 06, 6
7f35695e, 11-2-2020-13-1-19, 04, 4
be98695e, 11-2-2020-20-4-46, 0a, 10
0fe3685e, 11-2-2020-7-9-35, 0d, 13
def36a5e, 12-2-2020-20-45-50, 05, 5
fb9f685e, 11-2-2020-2-23-23, 04, 4
879d695e, 11-2-2020-20-25-11, 08, 8
2d1a6a5e, 12-2-2020-5-17-1, 0d, 13
dda1685e, 11-2-2020-2-31-25, 0e, 14
3c3a695e, 11-2-2020-13-21-32, 01, 1
c08c675e, 10-2-2020-6-49-4, 03, 3
1d43695e, 11-2-2020-13-59-25, 0b, 11
27c6685e, 11-2-2020-5-6-15, 0c, 12
60cf685e, 11-2-2020-5-45-36, 0a, 10
1e27695e, 11-2-2020-11-59-58, 0c, 12
2ce6685e, 11-2-2020-7-22-52, 05, 5
3e01685e, 10-2-2020-15-6-6, 00, 0
3811685e, 10-2-2020-16-14-16, 04, 4
dc6b685e, 11-2-2020--2-41-0, 02, 2
92d8685e, 11-2-2020-6-24-50, 07, 7
ee41695e, 11-2-2020-13-54-22, 09, 9
cf86695e, 11-2-2020-18-48-15, 01, 1
857b695e, 11-2-2020-18-0-5, 04, 4
8d9f685e, 11-2-2020-2-21-33, 03, 3
410d695e, 11-2-2020-10-9-37, 10, 16
622c695e, 11-2-2020-12-22-26, 08, 8
01036c5e, 13-2-2020-16-2-41, 0c, 12
8dfc685e, 11-2-2020-8-58-21, 03, 3
595b685e, 11-2-2020--3-30-33, 0a, 10
c35b685e, 11-2-2020--3-32-19, 0b, 11
ee176a5e, 12-2-2020-5-7-26, 01, 1
8d8f6a5e, 12-2-2020-13-37-49, 03, 3
841a685e, 10-2-2020-16-53-56, 01, 1
c2356a5e, 12-2-2020-7-14-42, 0b, 11
d6c3695e, 12-2-2020--1-8-38, 04, 4
061d685e, 10-2-2020-17-4-38, 07, 7
38d2685e, 11-2-2020-5-57-44, 08, 8
4866695e, 11-2-2020-16-29-28, 02, 2
1dab685e, 11-2-2020-3-10-53, 08, 8
98ff6a5e, 13-2-2020--3-35-52, 09, 9
292b695e, 11-2-2020-12-17-13, 0a, 10
4bda685e, 11-2-2020-6-32-11, 0e, 14
3c616a5e, 12-2-2020-10-20-12, 04, 4
60c6695e, 12-2-2020--1-19-28, 08, 8
5ebb6a5e, 12-2-2020-16-44-46, 03, 3
24366b5e, 13-2-2020-1-28-36, 01, 1
8581695e, 11-2-2020-18-25-41, 07, 7
7bbd685e, 11-2-2020-4-29-15, 02, 2
0650695e, 11-2-2020-14-54-30, 00, 0
b7a4685e, 11-2-2020-2-43-35, 05, 5
1c9e695e, 11-2-2020-20-27-40, 0c, 12
59e9695e, 12-2-2020-1-48-41, 00, 0
24cb695e, 12-2-2020--1-39-48, 0b, 11
53986a5e, 12-2-2020-14-15-15, 0b, 11
4058695e, 11-2-2020-15-29-36, 04, 4
896e6a5e, 12-2-2020-11-16-57, 06, 6
6574695e, 11-2-2020-17-29-41, 0a, 10
2164685e, 11-2-2020--2-8-1, 01, 1
f3ea685e, 11-2-2020-7-43-15, 04, 4
73b1695e, 12-2-2020--3-50-11, 03, 3
3de26a5e, 12-2-2020-19-30-37, 03, 3
e8a8685e, 11-2-2020-3-1-28, 0f, 15
29006a5e, 12-2-2020-3-26-1, 08, 8
4609695e, 11-2-2020-9-52-38, 02, 2
61b5695e, 12-2-2020--2-6-57, 09, 9
59e9695e, 12-2-2020-1-48-41, 00, 0
44c4695e, 12-2-2020--1-10-28, 02, 2
39276a5e, 12-2-2020-6-12-41, 03, 3
fd35695e, 11-2-2020-13-3-25, 02, 2
5fbf6a5e, 12-2-2020-17-1-51, 09, 9
1e9f695e, 11-2-2020-20-31-58, 04, 4
318f6b5e, 13-2-2020-7-48-33, 02, 2
7d966a5e, 12-2-2020-14-7-25, 0a, 10
e0586a5e, 12-2-2020-9-44-32, 02, 2
7dcd6a5e, 12-2-2020-18-2-5, 05, 5
9a746a5e, 12-2-2020-11-42-50, 0a, 10
61016b5e, 13-2-2020--3-43-29, 08, 8
dc286a5e, 12-2-2020-6-19-40, 07, 7
405d6a5e, 12-2-2020-10-3-12, 01, 1
857b695e, 11-2-2020-18-0-5, 04, 4
c6da695e, 12-2-2020-0-46-30, 10, 16
3752695e, 11-2-2020-15-3-51, 08, 8
88066a5e, 12-2-2020-3-53-12, 0f, 15
dfa96b5e, 13-2-2020-9-42-23, 0b, 11
35ce6a5e, 12-2-2020-18-5-9, 04, 4
4ec86a5e, 12-2-2020-17-39-58, 0e, 14
ced3695e, 12-2-2020-0-16-46, 0d, 13
4630695e, 11-2-2020-12-39-2, 00, 0
1396695e, 11-2-2020-19-53-23, 02, 2
11866a5e, 12-2-2020-12-57-21, 04, 4
0df9695e, 12-2-2020-2-55-41, 0c, 12
1b59695e, 11-2-2020-15-33-15, 03, 3
9c6c6c5e, 14-2-2020--1-33-16, 0d, 13
3d6e6a5e, 12-2-2020-11-15-41, 08, 8
cfd16c5e, 14-2-2020-6-45-3, 0b, 11
6ac3695e, 12-2-2020--1-6-50, 05, 5
80376a5e, 12-2-2020-7-22-8, 08, 8
25a46a5e, 12-2-2020-15-5-41, 05, 5
e2dc6c5e, 14-2-2020-7-32-18, 02, 2
a85f6a5e, 12-2-2020-10-13-28, 03, 3
42c96a5e, 12-2-2020-17-44-2, 0b, 11
87496b5e, 13-2-2020-2-51-19, 0c, 12
5af26a5e, 12-2-2020-20-39-22, 04, 4
6d706b5e, 13-2-2020-5-37-17, 08, 8
ced3695e, 12-2-2020-0-16-46, 0d, 13
5b6a6b5e, 13-2-2020-5-11-23, 04, 4
722b6a5e, 12-2-2020-6-30-42, 0a, 10
68866b5e, 13-2-2020-7-11-4, 10, 16
2b896a5e, 12-2-2020-13-10-35, 02, 2
0f106a5e, 12-2-2020-4-33-51, 04, 4
083f6a5e, 12-2-2020-7-54-16, 0e, 14
a0076b5e, 13-2-2020--2-10-8, 03, 3
c9f96a5e, 13-2-2020--3-11-5, 07, 7
0ade6a5e, 12-2-2020-19-12-42, 08, 8
56466a5e, 12-2-2020-8-25-26, 09, 9
c8a96a5e, 12-2-2020-15-29-44, 01, 1
823a6a5e, 12-2-2020-7-34-58, 10, 16
eb0c6a5e, 12-2-2020-4-20-27, 05, 5
2ae66a5e, 12-2-2020-19-47-22, 02, 2
93c0695e, 12-2-2020--2-54-43, 0a, 10
42fd6a5e, 13-2-2020--3-25-54, 0a, 10
19386a5e, 12-2-2020-7-24-41, 04, 4
ff166b5e, 13-2-2020--1-15-43, 04, 4
34dd6b5e, 13-2-2020-13-21-24, 05, 5
10946a5e, 12-2-2020-13-57-4, 0f, 15
aff46a5e, 12-2-2020-20-49-19, 0b, 11
3ec26b5e, 13-2-2020-11-26-22, 01, 1
6d336a5e, 12-2-2020-7-4-45, 02, 2
020e6a5e, 12-2-2020-4-25-6, 02, 2
72ef6a5e, 12-2-2020-20-26-58, 0c, 12
16246c5e, 13-2-2020-18-23-50, 08, 8
419c6b5e, 13-2-2020-8-44-17, 0a, 10
6a3e6b5e, 13-2-2020-2-3-54, 04, 4
2ddb6a5e, 12-2-2020-19-0-29, 0a, 10
86626b5e, 13-2-2020-4-37-58, 05, 5
a46f6a5e, 12-2-2020-11-21-40, 0c, 12
3e276b5e, 13-2-2020-0-25-2, 0e, 14
83d36b5e, 13-2-2020-12-40-3, 0a, 10
beb86a5e, 12-2-2020-16-33-34, 0a, 10
73516c5e, 14-2-2020--3-37-23, 04, 4
f1c16a5e, 12-2-2020-17-12-49, 0d, 13
52aa6a5e, 12-2-2020-15-32-2, 04, 4
b8746b5e, 13-2-2020-5-55-36, 0e, 14
f4246b5e, 13-2-2020-0-15-16, 0b, 11
cbd56b5e, 13-2-2020-12-49-47, 0e, 14
79996b5e, 13-2-2020-8-32-25, 0d, 13
d0e66a5e, 12-2-2020-19-50-8, 06, 6
590e6d5e, 14-2-2020-11-3-21, 02, 2
efbb6a5e, 12-2-2020-16-47-11, 02, 2
2af66b5e, 13-2-2020-15-7-54, 03, 3
a8656b5e, 13-2-2020-4-51-20, 02, 2
0c9b6b5e, 13-2-2020-8-39-8, 0f, 15
77b26d5e, 15-2-2020--2-43-35, 0a, 10
a9ca6d5e, 15-2-2020-0-26-49, 03, 3
857b6b5e, 13-2-2020-6-24-37, 01, 1
9c866b5e, 13-2-2020-7-11-56, 03, 3
613e6f5e, 16-2-2020-2-52-49, 05, 5
5a616c5e, 14-2-2020--2-45-14, 0e, 14
7e226c5e, 13-2-2020-18-17-2, 02, 2
8db86b5e, 13-2-2020-10-45-1, 10, 16
e0ae6a5e, 12-2-2020-15-51-28, 10, 16
e6a96c5e, 14-2-2020-3-54-46, 03, 3
c5146b5e, 13-2-2020--1-6-13, 02, 2
e25e6a5e, 12-2-2020-10-10-10, 05, 5
8db96a5e, 12-2-2020-16-37-1, 08, 8
3f986c5e, 14-2-2020-2-39-27, 01, 1
eefe6b5e, 13-2-2020-15-45-18, 08, 8
def06a5e, 12-2-2020-20-33-2, 01, 1
46e86d5e, 15-2-2020-2-33-10, 0b, 11
6e086c5e, 13-2-2020-16-25-50, 04, 4
6cc46b5e, 13-2-2020-11-35-40, 0c, 12
41b76b5e, 13-2-2020-10-39-29, 05, 5
3f0d6b5e, 13-2-2020--2-34-7, 0f, 15
03836b5e, 13-2-2020-6-56-35, 06, 6
b43d6b5e, 13-2-2020-2-0-52, 0a, 10
c7106c5e, 13-2-2020-17-1-27, 05, 5
39716c5e, 14-2-2020--1-52-57, 10, 16
0b3f6b5e, 13-2-2020-2-6-35, 03, 3
7dd96b5e, 13-2-2020-13-5-33, 08, 8
e6366b5e, 13-2-2020-1-31-50, 0d, 13
3c326b5e, 13-2-2020-1-11-56, 08, 8
1d536b5e, 13-2-2020-3-32-13, 10, 16
7de36b5e, 13-2-2020-13-48-13, 04, 4
b9af6c5e, 14-2-2020-4-19-37, 02, 2
d5d56c5e, 14-2-2020-7-2-13, 0d, 13
2d296d5e, 14-2-2020-12-57-49, 05, 5
e40a6c5e, 13-2-2020-16-36-20, 01, 1
dab86b5e, 13-2-2020-10-46-18, 02, 2
873a6b5e, 13-2-2020-1-47-19, 02, 2
837b6c5e, 14-2-2020-0-36-51, 03, 3
83646d5e, 14-2-2020-17-10-59, 07, 7
2bf76b5e, 13-2-2020-15-12-11, 0a, 10
7a3b6c5e, 13-2-2020-20-3-38, 0f, 15
0d1b6b5e, 13-2-2020--1-33-1, 05, 5
ae826c5e, 14-2-2020-1-7-26, 02, 2
d5ba6d5e, 15-2-2020--1-19-17, 01, 1
f52c6c5e, 13-2-2020-19-1-41, 04, 4
7a196c5e, 13-2-2020-17-38-34, 0a, 10
02056c5e, 13-2-2020-16-11-14, 09, 9
25b86b5e, 13-2-2020-10-43-17, 07, 7
721a6c5e, 13-2-2020-17-42-42, 06, 6
eb3a6c5e, 13-2-2020-20-1-15, 0a, 10
9d946b5e, 13-2-2020-8-11-41, 04, 4
f3ca6b5e, 13-2-2020-12-3-31, 03, 3
1ebf6b5e, 13-2-2020-11-13-2, 04, 4
20486c5e, 13-2-2020-20-57-36, 08, 8
990c6d5e, 14-2-2020-10-55-53, 0c, 12
0cde6c5e, 14-2-2020-7-37-16, 03, 3
96786c5e, 14-2-2020-0-24-22, 04, 4
33786c5e, 14-2-2020-0-22-43, 08, 8
0da36d5e, 15-2-2020--3-37-49, 08, 8
00ac6b5e, 13-2-2020-9-51-28, 08, 8
3c116d5e, 14-2-2020-11-15-40, 04, 4
86416c5e, 13-2-2020-20-29-26, 0c, 12
82926c5e, 14-2-2020-2-14-58, 07, 7
84a66c5e, 14-2-2020-3-40-20, 10, 16
f7f66b5e, 13-2-2020-15-11-19, 10, 16
50556c5e, 14-2-2020--3-53-52, 09, 9
f3146d5e, 14-2-2020-11-31-31, 03, 3
b4ed6d5e, 15-2-2020-2-56-20, 0e, 14
cbea6c5e, 14-2-2020-8-31-39, 04, 4
6d816b5e, 13-2-2020-6-49-49, 09, 9
1d5d6c5e, 14-2-2020--2-27-9, 0a, 10
22686e5e, 15-2-2020-11-38-42, 0b, 11
24056d5e, 14-2-2020-10-24-4, 08, 8
4feb6b5e, 13-2-2020-14-21-35, 02, 2
5cde6c5e, 14-2-2020-7-38-36, 01, 1
d4566c5e, 14-2-2020--2-0-20, 05, 5
10366c5e, 13-2-2020-19-40-32, 10, 16
ef066e5e, 15-2-2020-4-43-59, 08, 8
96306e5e, 15-2-2020-7-41-42, 0f, 15
0c5b6d5e, 14-2-2020-16-30-36, 04, 4
13d46c5e, 14-2-2020-6-54-43, 08, 8
a0df6d5e, 15-2-2020-1-56-16, 08, 8
50586d5e, 14-2-2020-16-18-56, 06, 6
97206c5e, 13-2-2020-18-8-55, 03, 3
8b556c5e, 14-2-2020--3-54-51, 02, 2
cf246d5e, 14-2-2020-12-39-11, 01, 1
bb156d5e, 14-2-2020-11-34-51, 10, 16
9d9e6c5e, 14-2-2020-3-6-37, 04, 4
96c76c5e, 14-2-2020-6-1-26, 0a, 10
a04c6d5e, 14-2-2020-15-29-4, 02, 2
fee16c5e, 14-2-2020-7-54-6, 0e, 14
27846d5e, 14-2-2020-19-25-59, 0a, 10
e0526c5e, 14-2-2020--3-43-28, 01, 1
f78b6d5e, 14-2-2020-19-59-19, 0f, 15
c3a66c5e, 14-2-2020-3-41-23, 0e, 14
c38b6d5e, 14-2-2020-19-58-27, 0c, 12
0aa46d5e, 15-2-2020--3-42-2, 04, 4
58c56c5e, 14-2-2020-5-51-52, 04, 4
c7106c5e, 13-2-2020-17-1-27, 05, 5
1d366d5e, 14-2-2020-13-53-1, 04, 4
f354705e, 17-2-2020--2-41-23, 0b, 11
2bcb6d5e, 15-2-2020-0-28-59, 04, 4
ed9b6c5e, 14-2-2020-2-55-9, 05, 5
ef6b6e5e, 15-2-2020-11-54-55, 02, 2
3e566c5e, 14-2-2020--3-57-50, 0b, 11
20486c5e, 13-2-2020-20-57-36, 08, 8
ca4d6d5e, 14-2-2020-15-34-2, 0c, 12
dfbf6c5e, 14-2-2020-5-28-31, 06, 6
95b06d5e, 15-2-2020--2-35-33, 05, 5
7f316d5e, 14-2-2020-13-33-19, 08, 8
0ece6f5e, 16-2-2020-13-5-50, 02, 2
82576d5e, 14-2-2020-16-15-30, 08, 8
75f16d5e, 15-2-2020-3-12-21, 06, 6
5a566d5e, 14-2-2020-16-10-34, 10, 16
423b6e5e, 15-2-2020-8-27-14, 08, 8
a66f6d5e, 14-2-2020-17-58-30, 01, 1
758c6d5e, 14-2-2020-20-1-25, 0b, 11
38886e5e, 15-2-2020-13-55-36, 04, 4
90886d5e, 14-2-2020-19-44-48, 02, 2
fd996c5e, 14-2-2020-2-46-53, 0c, 12
fc426e5e, 15-2-2020-9-0-12, 0a, 10
22ac6e5e, 15-2-2020-16-28-50, 0a, 10
0aa76c5e, 14-2-2020-3-42-34, 08, 8
39326e5e, 15-2-2020-7-48-41, 0e, 14
a1c26d5e, 15-2-2020--1-52-33, 02, 2
d4566d5e, 14-2-2020-16-12-36, 0a, 10
2ff46c5e, 14-2-2020-9-11-43, 09, 9
831f6e5e, 15-2-2020-6-28-51, 10, 16
6eb76d5e, 15-2-2020--1-4-46, 0d, 13
15696d5e, 14-2-2020-17-30-29, 03, 3
54f56d5e, 15-2-2020-3-28-52, 05, 5
cc4a6d5e, 14-2-2020-15-21-16, 0b, 11
07db6c5e, 14-2-2020-7-24-23, 0f, 15
076d6d5e, 14-2-2020-17-47-19, 0e, 14
4f5d6e5e, 15-2-2020-10-52-31, 0c, 12
661b6e5e, 15-2-2020-6-11-18, 00, 0
94f66e5e, 16-2-2020--3-46-28, 0d, 13
70946d5e, 14-2-2020-20-35-28, 03, 3
5fde6e5e, 15-2-2020-20-3-11, 09, 9
21456e5e, 15-2-2020-9-9-21, 01, 1
32e46c5e, 14-2-2020-8-3-30, 05, 5
5c546f5e, 16-2-2020-4-26-36, 02, 2
2c836e5e, 15-2-2020-13-34-4, 09, 9
37786e5e, 15-2-2020-12-47-19, 0a, 10
25966d5e, 14-2-2020-20-42-45, 10, 16
201c6f5e, 16-2-2020-0-26-40, 04, 4
86796f5e, 16-2-2020-7-5-10, 0e, 14
dae56e5e, 15-2-2020-20-35-6, 08, 8
9d266d5e, 14-2-2020-12-46-53, 0a, 10
1aa06e5e, 15-2-2020-15-37-30, 02, 2
cbe66d5e, 15-2-2020-2-26-51, 0c, 12
07f66e5e, 16-2-2020--3-44-7, 04, 4
243e6d5e, 14-2-2020-14-27-16, 03, 3
72bb6e5e, 15-2-2020-17-34-10, 0e, 14
53ca6e5e, 15-2-2020-18-37-39, 03, 3
6a7d6d5e, 14-2-2020-18-57-14, 08, 8
85ac6e5e, 15-2-2020-16-30-29, 04, 4
657a6f5e, 16-2-2020-7-8-53, 02, 2
b4716e5e, 15-2-2020-12-19-32, 03, 3
bbd86e5e, 15-2-2020-19-39-7, 01, 1
392f6e5e, 15-2-2020-7-35-53, 03, 3
98426e5e, 15-2-2020-8-58-32, 02, 2
8d996e5e, 15-2-2020-15-9-33, 0c, 12
57176e5e, 15-2-2020-5-53-59, 04, 4
e2ee6f5e, 16-2-2020-15-25-54, 09, 9
0e6c6d5e, 14-2-2020-17-43-10, 05, 5
9ff26d5e, 15-2-2020-3-17-19, 02, 2
212e6f5e, 16-2-2020-1-43-29, 02, 2
def66e5e, 16-2-2020--3-47-42, 03, 3
c2236f5e, 16-2-2020-0-59-14, 01, 1
b7346e5e, 15-2-2020-7-59-19, 07, 7
076d6d5e, 14-2-2020-17-47-19, 0e, 14
36086f5e, 16-2-2020--1-1-42, 02, 2
91756e5e, 15-2-2020-12-36-1, 08, 8
c5416e5e, 15-2-2020-8-55-1, 05, 5
0866705e, 17-2-2020--1-54-16, 04, 4
f9d66e5e, 15-2-2020-19-31-37, 02, 2
0b126f5e, 16-2-2020--1-43-39, 00, 0
bb7f6d5e, 14-2-2020-19-7-7, 04, 4
42006e5e, 15-2-2020-4-15-30, 01, 1
ee966e5e, 15-2-2020-14-58-22, 06, 6
94f06d5e, 15-2-2020-3-8-36, 04, 4
aece6d5e, 15-2-2020-0-43-58, 10, 16
78436f5e, 16-2-2020-3-14-32, 04, 4
bf0a6f5e, 16-2-2020--1-12-31, 07, 7
88606f5e, 16-2-2020-5-18-32, 0f, 15
a6f76f5e, 16-2-2020-16-3-18, 08, 8
f91f6f5e, 16-2-2020-0-43-5, 06, 6
279e6e5e, 15-2-2020-15-29-11, 03, 3
71ea6d5e, 15-2-2020-2-42-25, 09, 9
ca35705e, 16-2-2020-20-28-26, 0d, 13
c800705e, 16-2-2020-16-42-16, 05, 5
190a6f5e, 16-2-2020--1-9-45, 0a, 10
6fc86e5e, 15-2-2020-18-29-35, 0f, 15
cee76f5e, 16-2-2020-14-55-42, 0a, 10
afa86e5e, 15-2-2020-16-14-7, 0b, 11
e5306f5e, 16-2-2020-1-55-17, 0c, 12
cf10715e, 17-2-2020-12-2-55, 05, 5
0d276e5e, 15-2-2020-7-1-1, 0d, 13
93d06f5e, 16-2-2020-13-16-35, 05, 5
8fc06e5e, 15-2-2020-17-55-59, 08, 8
89496f5e, 16-2-2020-3-40-25, 0b, 11
e93c6e5e, 15-2-2020-8-34-17, 04, 4
7f87715e, 17-2-2020-20-29-19, 0e, 14
b083705e, 17-2-2020-2-0-48, 0e, 14
f7666f5e, 16-2-2020-5-45-59, 0d, 13
e9a76f5e, 16-2-2020-10-23-5, 08, 8
11b06e5e, 15-2-2020-16-45-37, 00, 0
a2636e5e, 15-2-2020-11-19-30, 04, 4
3a7b6f5e, 16-2-2020-7-12-26, 0a, 10
e64e705e, 17-2-2020--2-15-34, 05, 5
6ff06f5e, 16-2-2020-15-32-31, 0c, 12
e301705e, 16-2-2020-16-46-59, 03, 3
acac6f5e, 16-2-2020-10-43-24, 0c, 12
0ba5705e, 17-2-2020-4-23-7, 08, 8
96f86d5e, 15-2-2020-3-42-46, 03, 3
069b6e5e, 15-2-2020-15-15-50, 08, 8
d6d8705e, 17-2-2020-8-4-6, 0a, 10
54806f5e, 16-2-2020-7-34-12, 10, 16
911d705e, 16-2-2020-18-45-5, 08, 8
808d6e5e, 15-2-2020-14-18-8, 01, 1
1af46e5e, 16-2-2020--3-35-54, 05, 5
36bb705e, 17-2-2020-5-57-42, 0f, 15
3444715e, 17-2-2020-15-42-12, 03, 3
c9fa6f5e, 16-2-2020-16-16-41, 00, 0
9f0b705e, 16-2-2020-17-28-31, 0a, 10
38d16e5e, 15-2-2020-19-7-4, 04, 4
51686f5e, 16-2-2020-5-51-45, 04, 4
caef6e5e, 16-2-2020--3-17-30, 0b, 11
71da6e5e, 15-2-2020-19-46-25, 0c, 12
1a8d6f5e, 16-2-2020-8-28-42, 04, 4
14ad6f5e, 16-2-2020-10-45-8, 01, 1
bfff6f5e, 16-2-2020-16-37-51, 0f, 15
8db36f5e, 16-2-2020-11-12-45, 04, 4
90686f5e, 16-2-2020-5-52-48, 01, 1
f0756e5e, 15-2-2020-12-37-36, 05, 5
0ba7705e, 17-2-2020-4-31-39, 10, 16
44f8705e, 17-2-2020-10-18-12, 04, 4
f7356f5e, 16-2-2020-2-16-55, 03, 3
f76a6f5e, 16-2-2020-6-3-3, 09, 9
16c5705e, 17-2-2020-6-39-50, 02, 2
67b16f5e, 16-2-2020-11-3-35, 10, 16
0443705e, 17-2-2020--3-24-52, 02, 2
89ba705e, 17-2-2020-5-54-49, 03, 3
ecd5705e, 17-2-2020-7-51-40, 0b, 11
86d16f5e, 16-2-2020-13-20-38, 07, 7
20a16f5e, 16-2-2020-9-54-8, 02, 2
034d6f5e, 16-2-2020-3-55-15, 10, 16
2a866f5e, 16-2-2020-7-59-6, 05, 5
1ba46f5e, 16-2-2020-10-6-51, 03, 3
075d705e, 17-2-2020--1-15-51, 03, 3
0508705e, 16-2-2020-17-13-9, 02, 2
49d56f5e, 16-2-2020-13-36-41, 03, 3
e9e66f5e, 16-2-2020-14-51-53, 0e, 14
413b6f5e, 16-2-2020-2-39-29, 0e, 14
0c756f5e, 16-2-2020-6-46-4, 08, 8
2a2f705e, 16-2-2020-20-0-10, 0a, 10
fc75705e, 17-2-2020-1-2-20, 02, 2
e06f6f5e, 16-2-2020-6-24-0, 03, 3
ca40715e, 17-2-2020-15-27-38, 04, 4
0443705e, 17-2-2020--3-24-52, 02, 2
17b7705e, 17-2-2020-5-40-7, 0e, 14
14d06f5e, 16-2-2020-13-14-28, 0b, 11
911d705e, 16-2-2020-18-45-5, 08, 8
ad91705e, 17-2-2020-3-0-29, 05, 5
5b4c705e, 17-2-2020--2-4-43, 09, 9
d327705e, 16-2-2020-19-28-51, 05, 5
89496f5e, 16-2-2020-3-40-25, 0b, 11
fe00715e, 17-2-2020-10-55-26, 06, 6
6e29715e, 17-2-2020-13-47-58, 08, 8
00da6e5e, 15-2-2020-19-44-32, 10, 16
c945715e, 17-2-2020-15-48-57, 0b, 11
ebc36f5e, 16-2-2020-12-22-35, 0a, 10
16d86f5e, 16-2-2020-13-48-38, 04, 4
3c97715e, 18-2-2020--3-36-28, 03, 3
22ca705e, 17-2-2020-7-1-22, 08, 8
2cf66f5e, 16-2-2020-15-57-0, 01, 1
a44f745e, 20-2-2020--1-7-48, 06, 6
36f1715e, 18-2-2020-4-0-22, 04, 4
a00f715e, 17-2-2020-11-57-52, 01, 1
6ea9705e, 17-2-2020-4-41-50, 07, 7
862d705e, 16-2-2020-19-53-10, 03, 3
96e3705e, 17-2-2020-8-49-58, 03, 3
1bd4705e, 17-2-2020-7-43-55, 04, 4
f1f8705e, 17-2-2020-10-21-5, 08, 8
c7d16f5e, 16-2-2020-13-21-43, 08, 8
8654705e, 17-2-2020--2-39-34, 0a, 10
98f4705e, 17-2-2020-10-2-32, 10, 16
7b4e705e, 17-2-2020--2-13-47, 06, 6
0b4f715e, 17-2-2020-16-28-27, 08, 8
0d41705e, 17-2-2020--3-16-29, 04, 4
d6ee715e, 18-2-2020-3-50-14, 10, 16
d489715e, 17-2-2020-20-39-16, 05, 5
0ace705e, 17-2-2020-7-18-2, 05, 5
898a705e, 17-2-2020-2-30-1, 04, 4
e9c7725e, 18-2-2020-19-16-25, 0b, 11
d2e2705e, 17-2-2020-8-46-42, 0e, 14
a484715e, 17-2-2020-20-17-8, 04, 4
9de6715e, 18-2-2020-3-15-9, 01, 1
f58e705e, 17-2-2020-2-48-53, 0c, 12
4bc5715e, 18-2-2020-0-52-59, 0a, 10
1230705e, 16-2-2020-20-4-2, 0c, 12
359f705e, 17-2-2020-3-58-13, 02, 2
5d64715e, 17-2-2020-17-59-25, 0a, 10
3848715e, 17-2-2020-15-59-20, 02, 2
943b705e, 16-2-2020-20-53-8, 10, 16
a9ca705e, 17-2-2020-7-3-37, 01, 1
49d0715e, 18-2-2020-1-39-53, 03, 3
de7c715e, 17-2-2020-19-43-58, 0c, 12
b03f715e, 17-2-2020-15-22-56, 05, 5
bf61725e, 18-2-2020-12-0-31, 02, 2
43a7715e, 18-2-2020--2-44-51, 04, 4
78d26f5e, 16-2-2020-13-24-40, 06, 6
4688715e, 17-2-2020-20-32-38, 0a, 10
ca7b715e, 17-2-2020-19-39-22, 0b, 11
4caf705e, 17-2-2020-5-6-52, 04, 4
fb3d715e, 17-2-2020-15-15-39, 0c, 12
f13d705e, 17-2-2020--3-3-13, 01, 1
0d14725e, 18-2-2020-6-29-1, 04, 4
c1ea705e, 17-2-2020-9-20-33, 02, 2
fc90705e, 17-2-2020-2-57-32, 03, 3
b764715e, 17-2-2020-18-0-55, 05, 5
0f9e715e, 18-2-2020--2-5-35, 07, 7
b8b3725e, 18-2-2020-17-50-16, 05, 5
7500715e, 17-2-2020-10-53-9, 09, 9
cea0715e, 18-2-2020--2-17-18, 01, 1
fa1a715e, 17-2-2020-12-46-18, 02, 2
087f705e, 17-2-2020-1-40-56, 08, 8
3364715e, 17-2-2020-17-58-43, 09, 9
57ae715e, 18-2-2020--1-15-3, 0b, 11
eac5715e, 18-2-2020-0-55-38, 02, 2
63bb705e, 17-2-2020-5-58-27, 0d, 13
cf1d715e, 17-2-2020-12-58-23, 04, 4
4efd715e, 18-2-2020-4-51-58, 03, 3
69ee715e, 18-2-2020-3-48-25, 02, 2
511c715e, 17-2-2020-12-52-1, 0a, 10
6a22725e, 18-2-2020-7-30-18, 08, 8
d576725e, 18-2-2020-13-30-29, 0a, 10
8ec3725e, 18-2-2020-18-57-50, 02, 2
d297725e, 18-2-2020-15-51-14, 03, 3
979a715e, 18-2-2020--3-50-47, 08, 8
9298725e, 18-2-2020-15-54-26, 06, 6
e0b9715e, 18-2-2020-0-4-16, 05, 5
88d2735e, 19-2-2020-14-14-0, 06, 6
a158715e, 17-2-2020-17-9-21, 01, 1
6c7e715e, 17-2-2020-19-50-36, 06, 6
b674715e, 17-2-2020-19-9-10, 08, 8
7285705e, 17-2-2020-2-8-18, 01, 1
dad6715e, 18-2-2020-2-7-54, 08, 8
ffd6715e, 18-2-2020-2-8-31, 0c, 12
8a14725e, 18-2-2020-6-31-6, 02, 2
ff26735e, 19-2-2020-2-2-7, 08, 8
0c84725e, 18-2-2020-14-26-52, 08, 8
fbfc715e, 18-2-2020-4-50-35, 08, 8
511c715e, 17-2-2020-12-52-1, 0a, 10
ecdf725e, 18-2-2020-20-58-52, 0a, 10
0bb5725e, 18-2-2020-17-55-55, 08, 8
1f3a725e, 18-2-2020-9-11-27, 02, 2
1553725e, 18-2-2020-10-57-57, 08, 8
959c715e, 18-2-2020--3-59-17, 02, 2
8564715e, 17-2-2020-18-0-5, 0f, 15
7ee8725e, 19-2-2020--3-35-26, 08, 8
44fe705e, 17-2-2020-10-43-48, 0c, 12
2b63715e, 17-2-2020-17-54-19, 04, 4
4576725e, 18-2-2020-13-28-5, 05, 5
0c4c725e, 18-2-2020-10-27-56, 0a, 10
8b41745e, 20-2-2020--2-7-39, 04, 4
5c17725e, 18-2-2020-6-43-8, 0f, 15
c039725e, 18-2-2020-9-9-52, 0b, 11
8f5a735e, 19-2-2020-5-42-7, 01, 1
3ea1715e, 18-2-2020--2-19-10, 0d, 13
4712735e, 19-2-2020-0-33-43, 04, 4
147f725e, 18-2-2020-14-5-40, 04, 4
9a71725e, 18-2-2020-13-8-10, 01, 1
7d5b725e, 18-2-2020-11-33-49, 04, 4
af89735e, 19-2-2020-9-3-11, 0b, 11
7726725e, 18-2-2020-7-47-35, 03, 3
863b725e, 18-2-2020-9-17-26, 05, 5
9174725e, 18-2-2020-13-20-49, 09, 9
baf2755e, 21-2-2020-4-55-54, 01, 1
fbfb715e, 18-2-2020-4-46-19, 05, 5
79c4725e, 18-2-2020-19-1-45, 09, 9
132b735e, 19-2-2020-2-19-31, 0a, 10
1222725e, 18-2-2020-7-28-50, 06, 6
